google_101440910315486450418_000666D321BE_180325154023,
google_101440910315486450418_000666D321BE_180325220401,
google_105992916073328834624_000666D321BB_171109160803,
google_113399247482189200727_000666D32296_171125161551,
google_113399247482189200727_000666D32296_171125161551,
google_113399247482189200727_000666D32296_171125161551,
google_113399247482189200727_000666D32296_171125161551,
google_113399247482189200727_000666D32296_171125161551,
google_113399247482189200727_000666D32296_171125161551,
google_113399247482189200727_000666D32296_171125161551,
google_113399247482189200727_000666D32296_171125161551,
google_113399247482189200727_000666D32296_171125161551,
google_113399247482189200727_000666D32296_171125161551,
google_112035288398314271289_000666DD98A1_180723204740,
facebook_10154537037366727_0006667E22A6_180418154319,
google_107809231694128808339_000666D321B7_190827191424,
google_112663602346849009965_0006667E22C1_171125174547,
google_111658957822867403603_000666D32297_180707144948,
facebook_10154537037366727_0006667E22A6_180128185834,
google_113901738036735449122_0006667E22CA_171125135313,
google_101440910315486450418_000666D321BE_180418155610,
google_106385679509441878550_000666D6BB77_180707165756,
google_113901738036735449122_000666DD991A_180418132446,
google_113901738036735449122_000666DD991A_180418132446,
google_111658957822867403603_000666D32297_180128161452,
google_111658957822867403603_000666D32297_180128161452,
facebook_10213517683684254_0006667E2297_180128161507,
facebook_10213517683684254_0006667E2297_180128161507,
facebook_10154537037366727_0006667E22A6_180112162312,
facebook_10212340869170851_00066676CAD0_180112182224,
google_107952460032017511585_0006666BD645_171125175541,
google_107952460032017511585_0006666BD645_171125175541,
google_107952460032017511585_0006666BD645_171125175541,
google_107952460032017511585_0006666BD645_171125175541,
google_113901738036735449122_0006667E22CA_170906135312,
google_113901738036735449122_0006667E22CA_171227141430,
google_101440910315486450418_000666D32270_171008145522,
google_113901738036735449122_0006667E22CA_170805124428,
google_117303421886536006613_000666D321F0_181011234131,
google_107809231694128808339_000666D321B7_180504213848,
google_107809231694128808339_000666D321B7_180504213848,
google_107809231694128808339_000666D321B7_180504213848,
google_107809231694128808339_000666D321B7_180504213848,
google_107809231694128808339_000666D321B7_180504213848,
google_107809231694128808339_000666D321B7_180504213848,
google_117303421886536006613_000666D321F0_181011132239,
google_117303421886536006613_000666D321F0_181011132239,
google_107952460032017511585_0006666BD645_171008182714,
google_107952460032017511585_0006666BD645_171008182714,
google_107952460032017511585_0006666BD645_171008182714,
google_110696506910538171692_0006667E22C1_180808203811,
facebook_10213517683684254_0006667E2297_170821012400,
facebook_10213517683684254_0006667E2297_171211162024,
google_112421847946536791050_0006667E22B1_170704122338,
google_113901738036735449122_0006667E22CA_171211181158,
google_113901738036735449122_000666DD991A_180317133958,
google_113901738036735449122_000666DD991A_180808130242,
google_101440910315486450418_000666D6B7E1_180317175512,
google_114622765294268566687_000666D321B1_171008135450,
google_112035288398314271289_000666DD7DEB_180504181054,
google_112663602346849009965_0006667E22C1_171227202018,
google_106385679509441878550_000666D6BB77_180808161101,
google_113901738036735449122_0006667E22CA_170821132106,
google_113901738036735449122_0006667E22CA_170821132106,
google_115648017259601508520_000666D32296_171023233402,
google_115648017259601508520_000666D32296_171023233402,
google_115648017259601508520_000666D32296_171023233402,
google_110696506910538171692_0006667E22C1_180824162000,
google_110696506910538171692_0006667E22C1_180824162000,
google_112421847946536791050_0006667E22B1_170805141741,
google_113901738036735449122_0006667E22CA_170720122309,
google_112035288398314271289_0006667E22B2_170719212817,
google_108473758495188772567_00066676CAC5_170821164854,
google_112035288398314271289_000666DD990D_180504181048,
google_113901738036735449122_0006667E22CA_171024132236,
google_107809231694128808339_0006667E22BA_170602161248,
google_108610855641575608612_0006667E22C0_170720004640,
google_115648017259601508520_000666D32296_171024151819,
google_115648017259601508520_000666D32296_171024151819,
google_115648017259601508520_000666D32296_171024151819,
google_115648017259601508520_000666D32296_171024151819,
google_115648017259601508520_000666D32296_171024151819,
google_113901738036735449122_000666DD991A_180504130513,
google_101440910315486450418_000666DD992E_180909150254,
google_101440910315486450418_000666DD992E_180909150254,
google_101440910315486450418_000666DD992E_180909150254,
google_101440910315486450418_0006667E229D_170602005601,
google_110696506910538171692_0006667E22C1_181230172622,
google_110696506910538171692_0006667E22C1_181230172622,
google_110696506910538171692_0006667E22C1_181230172622,
facebook_10213517683684254_0006667E2297_170602133131,
facebook_10154537037366727_0006667E22A6_170805015441,
facebook_10100201195514680_0006667E22A8_170618164053,
facebook_10154537037366727_0006667E22A6_170617235726,
facebook_10154537037366727_0006667E22A6_170704142719,
facebook_10154537037366727_0006667E22A6_170704142719,
google_111658957822867403603_000666D32297_180707144948,
google_111658957822867403603_000666D32297_180128161452,
google_111658957822867403603_000666D32297_180128161452,
facebook_10213517683684254_0006667E2297_180128161507,
facebook_10213517683684254_0006667E2297_180128161507,
google_117303421886536006613_000666D321F0_181011234131,
google_117303421886536006613_000666D321F0_181011132239,
google_117303421886536006613_000666D321F0_181011132239,
facebook_10213517683684254_0006667E2297_170821012400,
facebook_10213517683684254_0006667E2297_171211162024,
google_112421847946536791050_0006667E22B1_170805141741,
google_108473758495188772567_00066676CAC5_170821164854,
facebook_10213517683684254_0006667E2297_170602133131,
google_111888579673996337640_000666D6BB68_180714191404,
google_111888579673996337640_000666D6BB68_190223163330,
google_107952460032017511585_000666DD9897_180815133348,
google_107952460032017511585_000666DD9897_180815133348,
google_107952460032017511585_000666DD9897_180815133348,
google_107952460032017511585_000666DD9897_180815133348,
google_107952460032017511585_000666DD9897_180815133348,
google_107952460032017511585_000666DD9897_180815133348,
google_111888579673996337640_000666D6BB68_180714191404,
google_111888579673996337640_000666D6BB68_190223163330,
google_107952460032017511585_000666DD9897_180815133348,
google_107952460032017511585_000666DD9897_180815133348,
google_107952460032017511585_000666DD9897_180815133348,
google_107952460032017511585_000666DD9897_180815133348,
google_107952460032017511585_000666DD9897_180815133348,
google_107952460032017511585_000666DD9897_180815133348,
google_111888579673996337640_000666D6BB68_190129181452,
google_107152048066053995307_000666DD991C_181222191818,
facebook_1103136599837253_000666DD991C_181019183705,
google_114729917292219509612_000666DD98FD_180908111352,
google_114729917292219509612_000666DD98FD_180908111352,
google_102847823526503707395_0006667E2292_170827063808,
google_102847823526503707395_0006667E2292_170827063808,
google_102847823526503707395_000666DD9894_191230152646,
google_102847823526503707395_000666DD9894_191027103920,
google_102847823526503707395_000666DD9894_190824184310,
google_102847823526503707395_000666DD9894_190824184310,
google_102847823526503707395_000666D6B7FD_180226130828,
google_102847823526503707395_000666DD9894_191002151700,
google_102847823526503707395_000666DD9894_191002151700,
google_114729917292219509612_000666DD7DE4_180913084424,
google_114729917292219509612_000666DD7DE4_180913084424