utc,sample_time,epoch,lon,lat,temp_1,temp_1_Calibrated,temp_1_Stable,temp_2,temp_2_Calibrated,temp_2_Stable,salinity,salinity_Calibrated,salinity_Stable,pH,pH_Calibrated,pH_Stable,session,session_id,fin_id
2018-01-12T18:22:33.5260+00:00,712236198,1515781353.5259,N/A,N/A,369,23.062,False,5700,22.242,False,N/A,N/A,N/A,N/A,N/A,N/A,facebook_10212340869170851_00066676CAD0_180112182224,12920,76CAD0
2018-01-12T18:22:39.5490+00:00,712242218,1515781359.5487,N/A,N/A,367,22.938,False,5646,22.030,False,N/A,N/A,N/A,N/A,N/A,N/A,facebook_10212340869170851_00066676CAD0_180112182224,12920,76CAD0
2018-01-12T18:22:45.5720+00:00,712248238,1515781365.5716,N/A,N/A,364,22.750,False,5565,21.713,False,N/A,N/A,N/A,N/A,N/A,N/A,facebook_10212340869170851_00066676CAD0_180112182224,12920,76CAD0
2018-01-12T18:22:51.5940+00:00,712254258,1515781371.5944,-11726066,3280263,362,22.625,False,5494,21.435,False,N/A,N/A,N/A,N/A,N/A,N/A,facebook_10212340869170851_00066676CAD0_180112182224,12920,76CAD0
2018-01-12T18:22:57.6170+00:00,712260278,1515781377.6172,-11726068,3280264,359,22.438,False,5425,21.165,False,N/A,N/A,N/A,N/A,N/A,N/A,facebook_10212340869170851_00066676CAD0_180112182224,12920,76CAD0
2018-01-12T18:23:03.6400+00:00,712266298,1515781383.6401,-11726064,3280266,365,22.812,False,5466,21.326,False,N/A,N/A,N/A,N/A,N/A,N/A,facebook_10212340869170851_00066676CAD0_180112182224,12920,76CAD0
2018-01-12T18:23:09.6620+00:00,712272317,1515781389.6619,-11726069,3280266,372,23.250,False,5539,21.612,False,N/A,N/A,N/A,N/A,N/A,N/A,facebook_10212340869170851_00066676CAD0_180112182224,12920,76CAD0
2018-01-12T18:23:15.6840+00:00,712278336,1515781395.6837,-11726073,3280263,379,23.688,False,5635,21.987,False,N/A,N/A,N/A,N/A,N/A,N/A,facebook_10212340869170851_00066676CAD0_180112182224,12920,76CAD0
2018-01-12T18:23:21.7070+00:00,712284356,1515781401.7066,-11726078,3280259,385,24.062,False,5708,22.273,False,N/A,N/A,N/A,N/A,N/A,N/A,facebook_10212340869170851_00066676CAD0_180112182224,12920,76CAD0
2018-01-12T18:23:27.7300+00:00,712290377,1515781407.7304,-11726087,3280256,389,24.312,False,5768,22.508,False,N/A,N/A,N/A,N/A,N/A,N/A,facebook_10212340869170851_00066676CAD0_180112182224,12920,76CAD0
2018-01-12T18:23:33.7530+00:00,712296397,1515781413.7533,-11726093,3280256,393,24.562,False,5818,22.704,False,N/A,N/A,N/A,N/A,N/A,N/A,facebook_10212340869170851_00066676CAD0_180112182224,12920,76CAD0
2018-01-12T18:23:39.7760+00:00,712302417,1515781419.7761,-11726096,3280255,397,24.812,False,5867,22.896,False,N/A,N/A,N/A,N/A,N/A,N/A,facebook_10212340869170851_00066676CAD0_180112182224,12920,76CAD0
2018-01-12T18:23:45.7980+00:00,712308436,1515781425.7979,-11726100,3280254,400,25.000,False,5901,23.029,False,N/A,N/A,N/A,N/A,N/A,N/A,facebook_10212340869170851_00066676CAD0_180112182224,12920,76CAD0
2018-01-12T18:23:51.8200+00:00,712314455,1515781431.8198,-11726104,3280254,404,25.250,False,5959,23.256,False,N/A,N/A,N/A,N/A,N/A,N/A,facebook_10212340869170851_00066676CAD0_180112182224,12920,76CAD0
2018-01-12T18:23:57.8430+00:00,712320475,1515781437.8426,-11726107,3280254,407,25.438,False,6021,23.499,False,N/A,N/A,N/A,N/A,N/A,N/A,facebook_10212340869170851_00066676CAD0_180112182224,12920,76CAD0
2018-01-12T18:24:03.8660+00:00,712326496,1515781443.8665,-11726112,3280251,411,25.688,False,6062,23.659,False,N/A,N/A,N/A,N/A,N/A,N/A,facebook_10212340869170851_00066676CAD0_180112182224,12920,76CAD0
2018-01-12T18:24:09.8890+00:00,712332516,1515781449.8893,-11726115,3280251,414,25.875,False,6107,23.836,False,N/A,N/A,N/A,N/A,N/A,N/A,facebook_10212340869170851_00066676CAD0_180112182224,12920,76CAD0
2018-01-12T18:24:15.9130+00:00,712338537,1515781455.9131,-11726120,3280250,410,25.625,False,5860,22.868,False,N/A,N/A,N/A,N/A,N/A,N/A,facebook_10212340869170851_00066676CAD0_180112182224,12920,76CAD0
2018-01-12T18:24:21.9370+00:00,712344558,1515781461.9370,-11726124,3280251,412,25.750,False,5668,22.117,False,N/A,N/A,N/A,N/A,N/A,N/A,facebook_10212340869170851_00066676CAD0_180112182224,12920,76CAD0
2018-01-12T18:24:27.9600+00:00,712350578,1515781467.9598,-11726126,3280252,409,25.562,False,5563,21.705,False,N/A,N/A,N/A,N/A,N/A,N/A,facebook_10212340869170851_00066676CAD0_180112182224,12920,76CAD0
2018-01-12T18:24:33.9830+00:00,712356598,1515781473.9827,-11726129,3280254,399,24.938,False,4823,18.808,False,N/A,N/A,N/A,N/A,N/A,N/A,facebook_10212340869170851_00066676CAD0_180112182224,12920,76CAD0
2018-01-12T18:24:40.0050+00:00,712362618,1515781480.0055,-11726128,3280255,374,23.375,False,4417,17.218,False,N/A,N/A,N/A,N/A,N/A,N/A,facebook_10212340869170851_00066676CAD0_180112182224,12920,76CAD0
2018-01-12T18:24:46.0280+00:00,712368638,1515781486.0283,-11726114,3280248,352,22.000,False,4316,16.823,False,N/A,N/A,N/A,N/A,N/A,N/A,facebook_10212340869170851_00066676CAD0_180112182224,12920,76CAD0
2018-01-12T18:24:52.0520+00:00,712374659,1515781492.0522,-11726111,3280246,336,21.000,False,4295,16.741,False,N/A,N/A,N/A,N/A,N/A,N/A,facebook_10212340869170851_00066676CAD0_180112182224,12920,76CAD0
2018-01-12T18:24:58.0760+00:00,712380680,1515781498.0760,-11726117,3280250,321,20.062,False,4290,16.721,False,N/A,N/A,N/A,N/A,N/A,N/A,facebook_10212340869170851_00066676CAD0_180112182224,12920,76CAD0
2018-01-12T18:25:04.0990+00:00,712386700,1515781504.0989,-11726135,3280257,311,19.438,False,4271,16.647,False,N/A,N/A,N/A,N/A,N/A,N/A,facebook_10212340869170851_00066676CAD0_180112182224,12920,76CAD0
2018-01-12T18:25:10.1220+00:00,712392720,1515781510.1217,-11726144,3280258,302,18.875,False,4281,16.686,False,N/A,N/A,N/A,N/A,N/A,N/A,facebook_10212340869170851_00066676CAD0_180112182224,12920,76CAD0
2018-01-12T18:25:16.1450+00:00,712398740,1515781516.1445,-11726163,3280252,296,18.500,False,4266,16.627,False,N/A,N/A,N/A,N/A,N/A,N/A,facebook_10212340869170851_00066676CAD0_180112182224,12920,76CAD0
2018-01-12T18:25:22.1660+00:00,712404759,1515781522.1664,-11726166,3280255,290,18.125,False,4269,16.639,False,N/A,N/A,N/A,N/A,N/A,N/A,facebook_10212340869170851_00066676CAD0_180112182224,12920,76CAD0
2018-01-12T18:25:28.1890+00:00,712410779,1515781528.1892,-11726166,3280258,286,17.875,False,4275,16.662,False,N/A,N/A,N/A,N/A,N/A,N/A,facebook_10212340869170851_00066676CAD0_180112182224,12920,76CAD0
2018-01-12T18:25:34.2130+00:00,712416800,1515781534.2130,-11726169,3280257,282,17.625,False,4257,16.592,False,N/A,N/A,N/A,N/A,N/A,N/A,facebook_10212340869170851_00066676CAD0_180112182224,12920,76CAD0
2018-01-12T18:25:40.2360+00:00,712422820,1515781540.2359,-11726178,3280255,280,17.500,False,4275,16.662,False,N/A,N/A,N/A,N/A,N/A,N/A,facebook_10212340869170851_00066676CAD0_180112182224,12920,76CAD0
2018-01-12T18:25:46.2580+00:00,712428839,1515781546.2577,-11726180,3280254,278,17.375,False,4274,16.658,False,N/A,N/A,N/A,N/A,N/A,N/A,facebook_10212340869170851_00066676CAD0_180112182224,12920,76CAD0
2018-01-12T18:25:52.2820+00:00,712434860,1515781552.2816,-11726182,3280256,276,17.250,False,4276,16.666,False,N/A,N/A,N/A,N/A,N/A,N/A,facebook_10212340869170851_00066676CAD0_180112182224,12920,76CAD0
2018-01-12T18:25:58.3040+00:00,712440880,1515781558.3044,-11726187,3280252,274,17.125,False,4265,16.623,False,N/A,N/A,N/A,N/A,N/A,N/A,facebook_10212340869170851_00066676CAD0_180112182224,12920,76CAD0
2018-01-12T18:26:04.3290+00:00,712446902,1515781564.3292,-11726189,3280250,274,17.125,False,4266,16.627,False,N/A,N/A,N/A,N/A,N/A,N/A,facebook_10212340869170851_00066676CAD0_180112182224,12920,76CAD0
2018-01-12T18:26:10.3520+00:00,712452922,1515781570.3521,-11726188,3280251,272,17.000,False,4268,16.635,False,N/A,N/A,N/A,N/A,N/A,N/A,facebook_10212340869170851_00066676CAD0_180112182224,12920,76CAD0
2018-01-12T18:26:16.3750+00:00,712458942,1515781576.3749,-11726201,3280241,272,17.000,False,4268,16.635,False,N/A,N/A,N/A,N/A,N/A,N/A,facebook_10212340869170851_00066676CAD0_180112182224,12920,76CAD0
2018-01-12T18:26:22.3990+00:00,712464963,1515781582.3988,-11726208,3280236,271,16.938,False,4272,16.651,False,N/A,N/A,N/A,N/A,N/A,N/A,facebook_10212340869170851_00066676CAD0_180112182224,12920,76CAD0
2018-01-12T18:26:28.4220+00:00,712470983,1515781588.4216,-11726208,3280236,271,16.938,False,4270,16.643,False,N/A,N/A,N/A,N/A,N/A,N/A,facebook_10212340869170851_00066676CAD0_180112182224,12920,76CAD0
2018-01-12T18:26:34.4440+00:00,712477003,1515781594.4444,-11726208,3280236,270,16.875,False,4265,16.623,False,N/A,N/A,N/A,N/A,N/A,N/A,facebook_10212340869170851_00066676CAD0_180112182224,12920,76CAD0
2018-01-12T18:26:40.4670+00:00,712483023,1515781600.4673,-11726208,3280236,270,16.875,False,4270,16.643,False,N/A,N/A,N/A,N/A,N/A,N/A,facebook_10212340869170851_00066676CAD0_180112182224,12920,76CAD0
2018-01-12T18:26:46.4890+00:00,712489042,1515781606.4891,-11726208,3280236,270,16.875,False,4266,16.627,False,N/A,N/A,N/A,N/A,N/A,N/A,facebook_10212340869170851_00066676CAD0_180112182224,12920,76CAD0
2018-01-12T18:26:52.5120+00:00,712495062,1515781612.5120,-11726208,3280236,270,16.875,False,4268,16.635,True,N/A,N/A,N/A,N/A,N/A,N/A,facebook_10212340869170851_00066676CAD0_180112182224,12920,76CAD0
2018-01-12T18:26:58.5360+00:00,712501083,1515781618.5358,-11726208,3280236,270,16.875,False,4264,16.619,True,N/A,N/A,N/A,N/A,N/A,N/A,facebook_10212340869170851_00066676CAD0_180112182224,12920,76CAD0
2018-01-12T18:27:04.5590+00:00,712507103,1515781624.5586,-11726208,3280236,270,16.875,False,4276,16.666,True,N/A,N/A,N/A,N/A,N/A,N/A,facebook_10212340869170851_00066676CAD0_180112182224,12920,76CAD0
2018-01-12T18:27:10.5810+00:00,712513123,1515781630.5815,-11726208,3280236,269,16.812,False,4261,16.607,True,N/A,N/A,N/A,N/A,N/A,N/A,facebook_10212340869170851_00066676CAD0_180112182224,12920,76CAD0
2018-01-12T18:27:16.6040+00:00,712519143,1515781636.6043,-11726208,3280236,269,16.812,False,4269,16.639,True,N/A,N/A,N/A,N/A,N/A,N/A,facebook_10212340869170851_00066676CAD0_180112182224,12920,76CAD0
2018-01-12T18:27:22.6280+00:00,712525164,1515781642.6282,-11726208,3280236,269,16.812,False,4262,16.611,True,N/A,N/A,N/A,N/A,N/A,N/A,facebook_10212340869170851_00066676CAD0_180112182224,12920,76CAD0
2018-01-12T18:27:28.6510+00:00,712531184,1515781648.6510,-11726208,3280236,269,16.812,False,4264,16.619,True,N/A,N/A,N/A,N/A,N/A,N/A,facebook_10212340869170851_00066676CAD0_180112182224,12920,76CAD0
2018-01-12T18:27:34.6740+00:00,712537204,1515781654.6738,-11726208,3280236,269,16.812,False,4269,16.639,False,N/A,N/A,N/A,N/A,N/A,N/A,facebook_10212340869170851_00066676CAD0_180112182224,12920,76CAD0
2018-01-12T18:27:40.6980+00:00,712543225,1515781660.6977,-11726208,3280236,269,16.812,False,4275,16.662,False,N/A,N/A,N/A,N/A,N/A,N/A,facebook_10212340869170851_00066676CAD0_180112182224,12920,76CAD0
2018-01-12T18:27:46.7210+00:00,712549245,1515781666.7205,-11726208,3280236,269,16.812,False,4268,16.635,False,N/A,N/A,N/A,N/A,N/A,N/A,facebook_10212340869170851_00066676CAD0_180112182224,12920,76CAD0
2018-01-12T18:27:52.7420+00:00,712555264,1515781672.7423,-11726208,3280236,269,16.812,False,4276,16.666,False,N/A,N/A,N/A,N/A,N/A,N/A,facebook_10212340869170851_00066676CAD0_180112182224,12920,76CAD0
2018-01-12T18:27:58.7660+00:00,712561285,1515781678.7662,-11726208,3280236,269,16.812,False,4273,16.654,False,N/A,N/A,N/A,N/A,N/A,N/A,facebook_10212340869170851_00066676CAD0_180112182224,12920,76CAD0
2018-01-12T18:28:04.7890+00:00,712567305,1515781684.7890,-11726208,3280236,269,16.812,False,4271,16.647,False,N/A,N/A,N/A,N/A,N/A,N/A,facebook_10212340869170851_00066676CAD0_180112182224,12920,76CAD0
2018-01-12T18:28:10.8120+00:00,712573325,1515781690.8119,-11726208,3280236,269,16.812,False,4275,16.662,False,N/A,N/A,N/A,N/A,N/A,N/A,facebook_10212340869170851_00066676CAD0_180112182224,12920,76CAD0
2018-01-12T18:28:16.8350+00:00,712579345,1515781696.8347,-11726208,3280236,269,16.812,False,4278,16.674,False,N/A,N/A,N/A,N/A,N/A,N/A,facebook_10212340869170851_00066676CAD0_180112182224,12920,76CAD0
2018-01-12T18:28:22.8580+00:00,712585365,1515781702.8575,-11726208,3280236,269,16.812,False,4275,16.662,False,N/A,N/A,N/A,N/A,N/A,N/A,facebook_10212340869170851_00066676CAD0_180112182224,12920,76CAD0
2018-01-12T18:28:28.8800+00:00,712591385,1515781708.8804,-11726208,3280236,269,16.812,False,4276,16.666,False,N/A,N/A,N/A,N/A,N/A,N/A,facebook_10212340869170851_00066676CAD0_180112182224,12920,76CAD0
2018-01-12T18:28:34.9030+00:00,712597405,1515781714.9032,-11726208,3280236,269,16.812,False,4282,16.690,False,N/A,N/A,N/A,N/A,N/A,N/A,facebook_10212340869170851_00066676CAD0_180112182224,12920,76CAD0
2018-01-12T18:28:40.9260+00:00,712603425,1515781720.9261,-11726208,3280236,269,16.812,False,4268,16.635,False,N/A,N/A,N/A,N/A,N/A,N/A,facebook_10212340869170851_00066676CAD0_180112182224,12920,76CAD0
2018-01-12T18:28:46.9490+00:00,712609445,1515781726.9489,-11726208,3280236,269,16.812,False,4271,16.647,False,N/A,N/A,N/A,N/A,N/A,N/A,facebook_10212340869170851_00066676CAD0_180112182224,12920,76CAD0
2018-01-12T18:28:52.9710+00:00,712615464,1515781732.9707,-11726208,3280236,269,16.812,False,4270,16.643,False,N/A,N/A,N/A,N/A,N/A,N/A,facebook_10212340869170851_00066676CAD0_180112182224,12920,76CAD0
2018-01-12T18:28:58.9940+00:00,712621484,1515781738.9936,-11726208,3280236,269,16.812,False,4264,16.619,False,N/A,N/A,N/A,N/A,N/A,N/A,facebook_10212340869170851_00066676CAD0_180112182224,12920,76CAD0
2018-01-12T18:29:05.0170+00:00,712627505,1515781745.0174,-11726208,3280236,269,16.812,True,4268,16.635,True,N/A,N/A,N/A,N/A,N/A,N/A,facebook_10212340869170851_00066676CAD0_180112182224,12920,76CAD0
2018-01-12T18:29:11.0400+00:00,712633525,1515781751.0403,-11726208,3280236,269,16.812,True,4266,16.627,True,N/A,N/A,N/A,N/A,N/A,N/A,facebook_10212340869170851_00066676CAD0_180112182224,12920,76CAD0
2018-01-12T18:29:17.0630+00:00,712639545,1515781757.0631,-11726208,3280236,269,16.812,True,4275,16.662,True,N/A,N/A,N/A,N/A,N/A,N/A,facebook_10212340869170851_00066676CAD0_180112182224,12920,76CAD0
2018-01-12T18:29:23.0860+00:00,712645565,1515781763.0859,-11726208,3280236,269,16.812,True,4271,16.647,True,N/A,N/A,N/A,N/A,N/A,N/A,facebook_10212340869170851_00066676CAD0_180112182224,12920,76CAD0
2018-01-12T18:29:29.1100+00:00,712651586,1515781769.1098,-11726208,3280236,269,16.812,True,4266,16.627,True,N/A,N/A,N/A,N/A,N/A,N/A,facebook_10212340869170851_00066676CAD0_180112182224,12920,76CAD0
2018-01-12T18:29:35.1320+00:00,712657605,1515781775.1316,-11726208,3280236,269,16.812,True,4268,16.635,True,N/A,N/A,N/A,N/A,N/A,N/A,facebook_10212340869170851_00066676CAD0_180112182224,12920,76CAD0
2018-01-12T18:29:41.1530+00:00,712663624,1515781781.1535,-11726208,3280236,269,16.812,True,4272,16.651,True,N/A,N/A,N/A,N/A,N/A,N/A,facebook_10212340869170851_00066676CAD0_180112182224,12920,76CAD0
2018-01-12T18:29:47.1760+00:00,712669644,1515781787.1763,-11726208,3280236,269,16.812,False,4270,16.643,False,N/A,N/A,N/A,N/A,N/A,N/A,facebook_10212340869170851_00066676CAD0_180112182224,12920,76CAD0
2018-01-12T18:29:53.1990+00:00,712675664,1515781793.1991,-11726208,3280236,269,16.812,False,4270,16.643,False,N/A,N/A,N/A,N/A,N/A,N/A,facebook_10212340869170851_00066676CAD0_180112182224,12920,76CAD0
2018-01-12T18:29:59.2210+00:00,712681683,1515781799.2210,-11726208,3280236,269,16.812,False,4269,16.639,False,N/A,N/A,N/A,N/A,N/A,N/A,facebook_10212340869170851_00066676CAD0_180112182224,12920,76CAD0
2018-01-12T18:30:05.2440+00:00,712687703,1515781805.2438,-11726208,3280236,269,16.812,False,4276,16.666,False,N/A,N/A,N/A,N/A,N/A,N/A,facebook_10212340869170851_00066676CAD0_180112182224,12920,76CAD0
2018-01-12T18:30:11.2680+00:00,712693724,1515781811.2676,-11726208,3280236,269,16.812,False,4279,16.678,False,N/A,N/A,N/A,N/A,N/A,N/A,facebook_10212340869170851_00066676CAD0_180112182224,12920,76CAD0
2018-01-12T18:30:17.2910+00:00,712699745,1515781817.2915,-11726208,3280236,269,16.812,False,4277,16.670,False,N/A,N/A,N/A,N/A,N/A,N/A,facebook_10212340869170851_00066676CAD0_180112182224,12920,76CAD0
2018-01-12T18:30:23.3140+00:00,712705765,1515781823.3143,-11726208,3280236,269,16.812,False,4272,16.651,False,N/A,N/A,N/A,N/A,N/A,N/A,facebook_10212340869170851_00066676CAD0_180112182224,12920,76CAD0
2018-01-12T18:30:29.3360+00:00,712711784,1515781829.3362,-11726208,3280236,269,16.812,False,4277,16.670,False,N/A,N/A,N/A,N/A,N/A,N/A,facebook_10212340869170851_00066676CAD0_180112182224,12920,76CAD0
2018-01-12T18:30:35.3610+00:00,712717806,1515781835.3610,-11726208,3280236,269,16.812,True,4275,16.662,True,N/A,N/A,N/A,N/A,N/A,N/A,facebook_10212340869170851_00066676CAD0_180112182224,12920,76CAD0
2018-01-12T18:30:41.3830+00:00,712723825,1515781841.3828,-11726208,3280236,269,16.812,True,4269,16.639,True,N/A,N/A,N/A,N/A,N/A,N/A,facebook_10212340869170851_00066676CAD0_180112182224,12920,76CAD0
2018-01-12T18:30:47.4060+00:00,712729845,1515781847.4057,-11726208,3280236,269,16.812,True,4273,16.654,True,N/A,N/A,N/A,N/A,N/A,N/A,facebook_10212340869170851_00066676CAD0_180112182224,12920,76CAD0
2018-01-12T18:30:53.4290+00:00,712735865,1515781853.4285,-11726208,3280236,269,16.812,True,4272,16.651,True,N/A,N/A,N/A,N/A,N/A,N/A,facebook_10212340869170851_00066676CAD0_180112182224,12920,76CAD0
2018-01-12T18:30:59.4500+00:00,712741884,1515781859.4504,-11726208,3280236,269,16.812,False,4261,16.607,False,N/A,N/A,N/A,N/A,N/A,N/A,facebook_10212340869170851_00066676CAD0_180112182224,12920,76CAD0
2018-01-12T18:31:05.4720+00:00,712747903,1515781865.4722,-11726208,3280236,269,16.812,False,4266,16.627,False,N/A,N/A,N/A,N/A,N/A,N/A,facebook_10212340869170851_00066676CAD0_180112182224,12920,76CAD0
2018-01-12T18:31:11.4950+00:00,712753923,1515781871.4950,-11726208,3280236,269,16.812,False,4272,16.651,False,N/A,N/A,N/A,N/A,N/A,N/A,facebook_10212340869170851_00066676CAD0_180112182224,12920,76CAD0
2018-01-12T18:31:17.5180+00:00,712759943,1515781877.5179,-11726208,3280236,269,16.812,True,4270,16.643,True,N/A,N/A,N/A,N/A,N/A,N/A,facebook_10212340869170851_00066676CAD0_180112182224,12920,76CAD0
2018-01-12T18:31:23.5410+00:00,712765963,1515781883.5407,-11726208,3280236,269,16.812,True,4268,16.635,True,N/A,N/A,N/A,N/A,N/A,N/A,facebook_10212340869170851_00066676CAD0_180112182224,12920,76CAD0
2018-01-12T18:31:29.5640+00:00,712771983,1515781889.5636,-11726208,3280236,269,16.812,False,4264,16.619,False,N/A,N/A,N/A,N/A,N/A,N/A,facebook_10212340869170851_00066676CAD0_180112182224,12920,76CAD0
2018-01-12T18:31:35.5860+00:00,712778003,1515781895.5864,-11726208,3280236,269,16.812,False,4267,16.631,False,N/A,N/A,N/A,N/A,N/A,N/A,facebook_10212340869170851_00066676CAD0_180112182224,12920,76CAD0
2018-01-12T18:31:41.6100+00:00,712784024,1515781901.6102,-11726208,3280236,269,16.812,False,4272,16.651,False,N/A,N/A,N/A,N/A,N/A,N/A,facebook_10212340869170851_00066676CAD0_180112182224,12920,76CAD0
2018-01-12T18:31:47.6340+00:00,712790045,1515781907.6341,-11726208,3280236,269,16.812,False,4267,16.631,False,N/A,N/A,N/A,N/A,N/A,N/A,facebook_10212340869170851_00066676CAD0_180112182224,12920,76CAD0
2018-01-12T18:31:53.6570+00:00,712796065,1515781913.6569,-11726208,3280236,269,16.812,False,4276,16.666,False,N/A,N/A,N/A,N/A,N/A,N/A,facebook_10212340869170851_00066676CAD0_180112182224,12920,76CAD0
2018-01-12T18:31:59.6800+00:00,712802085,1515781919.6798,-11726208,3280236,269,16.812,False,4277,16.670,False,N/A,N/A,N/A,N/A,N/A,N/A,facebook_10212340869170851_00066676CAD0_180112182224,12920,76CAD0
2018-01-12T18:32:05.7020+00:00,712808104,1515781925.7016,-11726208,3280236,269,16.812,False,4271,16.647,False,N/A,N/A,N/A,N/A,N/A,N/A,facebook_10212340869170851_00066676CAD0_180112182224,12920,76CAD0
2018-01-12T18:32:11.7230+00:00,712814123,1515781931.7234,-11726208,3280236,269,16.812,False,4275,16.662,False,N/A,N/A,N/A,N/A,N/A,N/A,facebook_10212340869170851_00066676CAD0_180112182224,12920,76CAD0
2018-01-12T18:32:17.7450+00:00,712820142,1515781937.7453,-11726208,3280236,269,16.812,False,4267,16.631,False,N/A,N/A,N/A,N/A,N/A,N/A,facebook_10212340869170851_00066676CAD0_180112182224,12920,76CAD0
2018-01-12T18:32:23.7690+00:00,712826163,1515781943.7691,-11726208,3280236,269,16.812,False,4263,16.615,False,N/A,N/A,N/A,N/A,N/A,N/A,facebook_10212340869170851_00066676CAD0_180112182224,12920,76CAD0
2018-01-12T18:32:29.7920+00:00,712832183,1515781949.7919,-11726208,3280236,269,16.812,False,4274,16.658,False,N/A,N/A,N/A,N/A,N/A,N/A,facebook_10212340869170851_00066676CAD0_180112182224,12920,76CAD0
2018-01-12T18:32:35.8150+00:00,712838203,1515781955.8148,-11726208,3280236,269,16.812,False,4266,16.627,False,N/A,N/A,N/A,N/A,N/A,N/A,facebook_10212340869170851_00066676CAD0_180112182224,12920,76CAD0
2018-01-12T18:32:41.8370+00:00,712844222,1515781961.8366,-11726208,3280236,269,16.812,True,4269,16.639,True,N/A,N/A,N/A,N/A,N/A,N/A,facebook_10212340869170851_00066676CAD0_180112182224,12920,76CAD0
2018-01-12T18:32:47.8590+00:00,712850242,1515781967.8595,-11726208,3280236,270,16.875,False,4261,16.607,False,N/A,N/A,N/A,N/A,N/A,N/A,facebook_10212340869170851_00066676CAD0_180112182224,12920,76CAD0
2018-01-12T18:32:53.8810+00:00,712856261,1515781973.8813,-11726208,3280236,270,16.875,False,4276,16.666,False,N/A,N/A,N/A,N/A,N/A,N/A,facebook_10212340869170851_00066676CAD0_180112182224,12920,76CAD0
2018-01-12T18:32:59.9050+00:00,712862282,1515781979.9051,-11726208,3280236,270,16.875,False,4276,16.666,False,N/A,N/A,N/A,N/A,N/A,N/A,facebook_10212340869170851_00066676CAD0_180112182224,12920,76CAD0
2018-01-12T18:33:05.9280+00:00,712868302,1515781985.9280,-11726208,3280236,269,16.812,False,4270,16.643,False,N/A,N/A,N/A,N/A,N/A,N/A,facebook_10212340869170851_00066676CAD0_180112182224,12920,76CAD0
2018-01-12T18:33:11.9510+00:00,712874322,1515781991.9508,-11726208,3280236,269,16.812,False,4282,16.690,False,N/A,N/A,N/A,N/A,N/A,N/A,facebook_10212340869170851_00066676CAD0_180112182224,12920,76CAD0
2018-01-12T18:33:17.9740+00:00,712880342,1515781997.9737,-11726208,3280236,269,16.812,False,4285,16.701,False,N/A,N/A,N/A,N/A,N/A,N/A,facebook_10212340869170851_00066676CAD0_180112182224,12920,76CAD0
2018-01-12T18:33:23.9960+00:00,712886362,1515782003.9965,-11726208,3280236,269,16.812,False,4276,16.666,False,N/A,N/A,N/A,N/A,N/A,N/A,facebook_10212340869170851_00066676CAD0_180112182224,12920,76CAD0
2018-01-12T18:33:30.0190+00:00,712892382,1515782010.0193,-11726208,3280236,269,16.812,False,4275,16.662,False,N/A,N/A,N/A,N/A,N/A,N/A,facebook_10212340869170851_00066676CAD0_180112182224,12920,76CAD0
2018-01-12T18:33:36.0420+00:00,712898402,1515782016.0422,-11726208,3280236,270,16.875,False,4281,16.686,False,N/A,N/A,N/A,N/A,N/A,N/A,facebook_10212340869170851_00066676CAD0_180112182224,12920,76CAD0
2018-01-12T18:33:42.0660+00:00,712904423,1515782022.0660,-11726208,3280236,269,16.812,False,4273,16.654,False,N/A,N/A,N/A,N/A,N/A,N/A,facebook_10212340869170851_00066676CAD0_180112182224,12920,76CAD0
2018-01-12T18:33:48.0880+00:00,712910442,1515782028.0879,-11726208,3280236,270,16.875,False,4277,16.670,False,N/A,N/A,N/A,N/A,N/A,N/A,facebook_10212340869170851_00066676CAD0_180112182224,12920,76CAD0
2018-01-12T18:33:54.1110+00:00,712916462,1515782034.1107,-11726208,3280236,269,16.812,False,4277,16.670,False,N/A,N/A,N/A,N/A,N/A,N/A,facebook_10212340869170851_00066676CAD0_180112182224,12920,76CAD0
2018-01-12T18:34:00.1330+00:00,712922481,1515782040.1325,-11726208,3280236,269,16.812,False,4268,16.635,False,N/A,N/A,N/A,N/A,N/A,N/A,facebook_10212340869170851_00066676CAD0_180112182224,12920,76CAD0
2018-01-12T18:34:06.1560+00:00,712928502,1515782046.1564,-11726208,3280236,269,16.812,False,4273,16.654,False,N/A,N/A,N/A,N/A,N/A,N/A,facebook_10212340869170851_00066676CAD0_180112182224,12920,76CAD0
2018-01-12T18:34:12.1790+00:00,712934522,1515782052.1792,-11726208,3280236,269,16.812,False,4280,16.682,False,N/A,N/A,N/A,N/A,N/A,N/A,facebook_10212340869170851_00066676CAD0_180112182224,12920,76CAD0
2018-01-12T18:34:18.2010+00:00,712940541,1515782058.2010,-11726208,3280236,269,16.812,True,4276,16.666,True,N/A,N/A,N/A,N/A,N/A,N/A,facebook_10212340869170851_00066676CAD0_180112182224,12920,76CAD0
2018-01-12T18:34:24.2240+00:00,712946561,1515782064.2239,-11726208,3280236,269,16.812,False,4275,16.662,False,N/A,N/A,N/A,N/A,N/A,N/A,facebook_10212340869170851_00066676CAD0_180112182224,12920,76CAD0
2018-01-12T18:34:30.2470+00:00,712952581,1515782070.2467,-11726208,3280236,269,16.812,False,4267,16.631,False,N/A,N/A,N/A,N/A,N/A,N/A,facebook_10212340869170851_00066676CAD0_180112182224,12920,76CAD0
2018-01-12T18:34:36.2700+00:00,712958601,1515782076.2696,-11726208,3280236,269,16.812,False,4275,16.662,False,N/A,N/A,N/A,N/A,N/A,N/A,facebook_10212340869170851_00066676CAD0_180112182224,12920,76CAD0
2018-01-12T18:34:42.2920+00:00,712964621,1515782082.2924,-11726208,3280236,269,16.812,False,4271,16.647,False,N/A,N/A,N/A,N/A,N/A,N/A,facebook_10212340869170851_00066676CAD0_180112182224,12920,76CAD0
2018-01-12T18:34:48.3140+00:00,712970640,1515782088.3142,-11726208,3280236,269,16.812,False,4276,16.666,False,N/A,N/A,N/A,N/A,N/A,N/A,facebook_10212340869170851_00066676CAD0_180112182224,12920,76CAD0
2018-01-12T18:34:54.3370+00:00,712976660,1515782094.3371,-11726208,3280236,269,16.812,False,4272,16.651,False,N/A,N/A,N/A,N/A,N/A,N/A,facebook_10212340869170851_00066676CAD0_180112182224,12920,76CAD0
2018-01-12T18:35:00.3610+00:00,712982681,1515782100.3609,-11726208,3280236,269,16.812,False,4270,16.643,False,N/A,N/A,N/A,N/A,N/A,N/A,facebook_10212340869170851_00066676CAD0_180112182224,12920,76CAD0
2018-01-12T18:35:06.3840+00:00,712988701,1515782106.3838,-11726208,3280236,269,16.812,False,4278,16.674,False,N/A,N/A,N/A,N/A,N/A,N/A,facebook_10212340869170851_00066676CAD0_180112182224,12920,76CAD0
2018-01-12T18:35:12.4070+00:00,712994721,1515782112.4066,-11726208,3280236,269,16.812,False,4265,16.623,False,N/A,N/A,N/A,N/A,N/A,N/A,facebook_10212340869170851_00066676CAD0_180112182224,12920,76CAD0
2018-01-12T18:35:18.4290+00:00,713000741,1515782118.4294,-11726208,3280236,269,16.812,False,4267,16.631,False,N/A,N/A,N/A,N/A,N/A,N/A,facebook_10212340869170851_00066676CAD0_180112182224,12920,76CAD0
2018-01-12T18:35:24.4510+00:00,713006760,1515782124.4513,-11726208,3280236,269,16.812,True,4277,16.670,True,N/A,N/A,N/A,N/A,N/A,N/A,facebook_10212340869170851_00066676CAD0_180112182224,12920,76CAD0
2018-01-12T18:35:30.4740+00:00,713012780,1515782130.4741,-11726208,3280236,269,16.812,True,4270,16.643,True,N/A,N/A,N/A,N/A,N/A,N/A,facebook_10212340869170851_00066676CAD0_180112182224,12920,76CAD0
2018-01-12T18:35:36.4990+00:00,713018802,1515782136.4990,-11726208,3280236,269,16.812,False,4267,16.631,False,N/A,N/A,N/A,N/A,N/A,N/A,facebook_10212340869170851_00066676CAD0_180112182224,12920,76CAD0
2018-01-12T18:35:42.5220+00:00,713024822,1515782142.5218,-11726208,3280236,269,16.812,False,4272,16.651,False,N/A,N/A,N/A,N/A,N/A,N/A,facebook_10212340869170851_00066676CAD0_180112182224,12920,76CAD0
2018-01-12T18:35:48.5450+00:00,713030842,1515782148.5446,-11726208,3280236,269,16.812,False,4276,16.666,False,N/A,N/A,N/A,N/A,N/A,N/A,facebook_10212340869170851_00066676CAD0_180112182224,12920,76CAD0
2018-01-12T18:35:54.5660+00:00,713036861,1515782154.5665,-11726208,3280236,269,16.812,False,4275,16.662,False,N/A,N/A,N/A,N/A,N/A,N/A,facebook_10212340869170851_00066676CAD0_180112182224,12920,76CAD0
2018-01-12T18:36:00.5890+00:00,713042881,1515782160.5893,-11726208,3280236,269,16.812,False,4273,16.654,False,N/A,N/A,N/A,N/A,N/A,N/A,facebook_10212340869170851_00066676CAD0_180112182224,12920,76CAD0
2018-01-12T18:36:06.6110+00:00,713048900,1515782166.6111,-11726208,3280236,269,16.812,False,4275,16.662,False,N/A,N/A,N/A,N/A,N/A,N/A,facebook_10212340869170851_00066676CAD0_180112182224,12920,76CAD0
2018-01-12T18:36:12.6340+00:00,713054920,1515782172.6340,-11726208,3280236,269,16.812,False,4262,16.611,False,N/A,N/A,N/A,N/A,N/A,N/A,facebook_10212340869170851_00066676CAD0_180112182224,12920,76CAD0
2018-01-12T18:36:18.6570+00:00,713060940,1515782178.6568,-11726208,3280236,269,16.812,True,4276,16.666,True,N/A,N/A,N/A,N/A,N/A,N/A,facebook_10212340869170851_00066676CAD0_180112182224,12920,76CAD0
2018-01-12T18:36:24.6800+00:00,713066960,1515782184.6797,-11726208,3280236,269,16.812,True,4272,16.651,True,N/A,N/A,N/A,N/A,N/A,N/A,facebook_10212340869170851_00066676CAD0_180112182224,12920,76CAD0
2018-01-12T18:36:30.7020+00:00,713072979,1515782190.7015,-11726208,3280236,269,16.812,True,4277,16.670,True,N/A,N/A,N/A,N/A,N/A,N/A,facebook_10212340869170851_00066676CAD0_180112182224,12920,76CAD0
2018-01-12T18:36:36.7230+00:00,713078998,1515782196.7233,-11726208,3280236,269,16.812,False,4265,16.623,False,N/A,N/A,N/A,N/A,N/A,N/A,facebook_10212340869170851_00066676CAD0_180112182224,12920,76CAD0
2018-01-12T18:36:42.7460+00:00,713085018,1515782202.7462,-11726208,3280236,269,16.812,False,4272,16.651,False,N/A,N/A,N/A,N/A,N/A,N/A,facebook_10212340869170851_00066676CAD0_180112182224,12920,76CAD0
2018-01-12T18:36:48.7690+00:00,713091038,1515782208.7690,-11726208,3280236,269,16.812,False,4267,16.631,False,N/A,N/A,N/A,N/A,N/A,N/A,facebook_10212340869170851_00066676CAD0_180112182224,12920,76CAD0
2018-01-12T18:36:54.7920+00:00,713097058,1515782214.7919,-11726208,3280236,269,16.812,False,4272,16.651,False,N/A,N/A,N/A,N/A,N/A,N/A,facebook_10212340869170851_00066676CAD0_180112182224,12920,76CAD0
2018-01-12T18:37:00.8140+00:00,713103077,1515782220.8137,-11726208,3280236,269,16.812,True,4273,16.654,True,N/A,N/A,N/A,N/A,N/A,N/A,facebook_10212340869170851_00066676CAD0_180112182224,12920,76CAD0
2018-01-12T18:37:06.8370+00:00,713109097,1515782226.8365,-11726208,3280236,269,16.812,True,4277,16.670,True,N/A,N/A,N/A,N/A,N/A,N/A,facebook_10212340869170851_00066676CAD0_180112182224,12920,76CAD0
2018-01-12T18:37:12.8600+00:00,713115118,1515782232.8604,-11726208,3280236,269,16.812,True,4268,16.635,True,N/A,N/A,N/A,N/A,N/A,N/A,facebook_10212340869170851_00066676CAD0_180112182224,12920,76CAD0
2018-01-12T18:37:18.8820+00:00,713121137,1515782238.8822,-11726208,3280236,269,16.812,True,4263,16.615,True,N/A,N/A,N/A,N/A,N/A,N/A,facebook_10212340869170851_00066676CAD0_180112182224,12920,76CAD0
2018-01-12T18:37:24.9060+00:00,713127158,1515782244.9061,-11726208,3280236,269,16.812,True,4278,16.674,True,N/A,N/A,N/A,N/A,N/A,N/A,facebook_10212340869170851_00066676CAD0_180112182224,12920,76CAD0
2018-01-12T18:37:30.9290+00:00,713133178,1515782250.9289,-11726208,3280236,269,16.812,False,4277,16.670,False,N/A,N/A,N/A,N/A,N/A,N/A,facebook_10212340869170851_00066676CAD0_180112182224,12920,76CAD0
2018-01-12T18:37:36.9510+00:00,713139197,1515782256.9507,-11726208,3280236,269,16.812,False,4280,16.682,False,N/A,N/A,N/A,N/A,N/A,N/A,facebook_10212340869170851_00066676CAD0_180112182224,12920,76CAD0
2018-01-12T18:37:42.9740+00:00,713145217,1515782262.9736,-11726208,3280236,269,16.812,False,4279,16.678,False,N/A,N/A,N/A,N/A,N/A,N/A,facebook_10212340869170851_00066676CAD0_180112182224,12920,76CAD0
2018-01-12T18:37:48.9970+00:00,713151238,1515782268.9974,-11726208,3280236,269,16.812,False,4283,16.694,False,N/A,N/A,N/A,N/A,N/A,N/A,facebook_10212340869170851_00066676CAD0_180112182224,12920,76CAD0
2018-01-12T18:37:55.0210+00:00,713157259,1515782275.0213,-11726208,3280236,269,16.812,True,4282,16.690,True,N/A,N/A,N/A,N/A,N/A,N/A,facebook_10212340869170851_00066676CAD0_180112182224,12920,76CAD0
2018-01-12T18:38:01.0440+00:00,713163279,1515782281.0441,-11726208,3280236,269,16.812,True,4280,16.682,True,N/A,N/A,N/A,N/A,N/A,N/A,facebook_10212340869170851_00066676CAD0_180112182224,12920,76CAD0
2018-01-12T18:38:07.0670+00:00,713169299,1515782287.0669,-11726208,3280236,269,16.812,True,4277,16.670,True,N/A,N/A,N/A,N/A,N/A,N/A,facebook_10212340869170851_00066676CAD0_180112182224,12920,76CAD0
2018-01-12T18:38:13.0910+00:00,713175320,1515782293.0908,-11726208,3280236,269,16.812,True,4282,16.690,True,N/A,N/A,N/A,N/A,N/A,N/A,facebook_10212340869170851_00066676CAD0_180112182224,12920,76CAD0
2018-01-12T18:38:19.1140+00:00,713181340,1515782299.1136,-11726208,3280236,270,16.875,False,4270,16.643,False,N/A,N/A,N/A,N/A,N/A,N/A,facebook_10212340869170851_00066676CAD0_180112182224,12920,76CAD0
2018-01-12T18:38:25.1370+00:00,713187361,1515782305.1374,-11726208,3280236,270,16.875,False,4280,16.682,False,N/A,N/A,N/A,N/A,N/A,N/A,facebook_10212340869170851_00066676CAD0_180112182224,12920,76CAD0
2018-01-12T18:38:31.1600+00:00,713193381,1515782311.1603,-11726208,3280236,269,16.812,False,4274,16.658,False,N/A,N/A,N/A,N/A,N/A,N/A,facebook_10212340869170851_00066676CAD0_180112182224,12920,76CAD0
2018-01-12T18:38:37.1820+00:00,713199400,1515782317.1821,-11726208,3280236,269,16.812,False,4278,16.674,False,N/A,N/A,N/A,N/A,N/A,N/A,facebook_10212340869170851_00066676CAD0_180112182224,12920,76CAD0
2018-01-12T18:38:43.2040+00:00,713205419,1515782323.2040,-11726208,3280236,269,16.812,True,4275,16.662,True,N/A,N/A,N/A,N/A,N/A,N/A,facebook_10212340869170851_00066676CAD0_180112182224,12920,76CAD0
2018-01-12T18:38:49.2280+00:00,713211440,1515782329.2278,-11726208,3280236,270,16.875,False,4278,16.674,False,N/A,N/A,N/A,N/A,N/A,N/A,facebook_10212340869170851_00066676CAD0_180112182224,12920,76CAD0
2018-01-12T18:38:55.2530+00:00,713217462,1515782335.2526,-11726208,3280236,270,16.875,False,4276,16.666,False,N/A,N/A,N/A,N/A,N/A,N/A,facebook_10212340869170851_00066676CAD0_180112182224,12920,76CAD0
2018-01-12T18:39:01.2750+00:00,713223482,1515782341.2755,-11726208,3280236,269,16.812,False,4272,16.651,False,N/A,N/A,N/A,N/A,N/A,N/A,facebook_10212340869170851_00066676CAD0_180112182224,12920,76CAD0
2018-01-12T18:39:07.2970+00:00,713229501,1515782347.2973,-11726208,3280236,269,16.812,False,4283,16.694,False,N/A,N/A,N/A,N/A,N/A,N/A,facebook_10212340869170851_00066676CAD0_180112182224,12920,76CAD0
2018-01-12T18:39:13.3190+00:00,713235520,1515782353.3192,-11726208,3280236,269,16.812,False,4277,16.670,False,N/A,N/A,N/A,N/A,N/A,N/A,facebook_10212340869170851_00066676CAD0_180112182224,12920,76CAD0
2018-01-12T18:39:19.3430+00:00,713241541,1515782359.3430,-11726208,3280236,269,16.812,False,4267,16.631,False,N/A,N/A,N/A,N/A,N/A,N/A,facebook_10212340869170851_00066676CAD0_180112182224,12920,76CAD0
2018-01-12T18:39:25.3650+00:00,713247560,1515782365.3648,-11726208,3280236,269,16.812,False,4268,16.635,False,N/A,N/A,N/A,N/A,N/A,N/A,facebook_10212340869170851_00066676CAD0_180112182224,12920,76CAD0
2018-01-12T18:39:31.3880+00:00,713253580,1515782371.3877,-11726208,3280236,269,16.812,False,4278,16.674,False,N/A,N/A,N/A,N/A,N/A,N/A,facebook_10212340869170851_00066676CAD0_180112182224,12920,76CAD0
2018-01-12T18:39:37.4110+00:00,713259600,1515782377.4105,-11726208,3280236,269,16.812,True,4266,16.627,True,N/A,N/A,N/A,N/A,N/A,N/A,facebook_10212340869170851_00066676CAD0_180112182224,12920,76CAD0
2018-01-12T18:39:43.4330+00:00,713265620,1515782383.4334,-11726208,3280236,269,16.812,True,4271,16.647,True,N/A,N/A,N/A,N/A,N/A,N/A,facebook_10212340869170851_00066676CAD0_180112182224,12920,76CAD0
2018-01-12T18:39:49.4570+00:00,713271641,1515782389.4572,-11726208,3280236,269,16.812,False,4279,16.678,False,N/A,N/A,N/A,N/A,N/A,N/A,facebook_10212340869170851_00066676CAD0_180112182224,12920,76CAD0
2018-01-12T18:39:55.4790+00:00,713277660,1515782395.4790,-11726208,3280236,269,16.812,False,4283,16.694,False,N/A,N/A,N/A,N/A,N/A,N/A,facebook_10212340869170851_00066676CAD0_180112182224,12920,76CAD0
2018-01-12T18:40:01.5030+00:00,713283681,1515782401.5029,-11726208,3280236,269,16.812,False,4284,16.697,False,N/A,N/A,N/A,N/A,N/A,N/A,facebook_10212340869170851_00066676CAD0_180112182224,12920,76CAD0
2018-01-12T18:40:07.5260+00:00,713289701,1515782407.5257,-11726208,3280236,269,16.812,False,4274,16.658,False,N/A,N/A,N/A,N/A,N/A,N/A,facebook_10212340869170851_00066676CAD0_180112182224,12920,76CAD0
2018-01-12T18:40:13.5490+00:00,713295721,1515782413.5486,-11726208,3280236,269,16.812,False,4277,16.670,False,N/A,N/A,N/A,N/A,N/A,N/A,facebook_10212340869170851_00066676CAD0_180112182224,12920,76CAD0
2018-01-12T18:40:19.5710+00:00,713301741,1515782419.5714,-11726208,3280236,269,16.812,False,4279,16.678,False,N/A,N/A,N/A,N/A,N/A,N/A,facebook_10212340869170851_00066676CAD0_180112182224,12920,76CAD0
2018-01-12T18:40:25.5950+00:00,713307762,1515782425.5952,-11726208,3280236,269,16.812,False,4278,16.674,False,N/A,N/A,N/A,N/A,N/A,N/A,facebook_10212340869170851_00066676CAD0_180112182224,12920,76CAD0
2018-01-12T18:40:31.6180+00:00,713313782,1515782431.6181,-11726208,3280236,269,16.812,False,4277,16.670,False,N/A,N/A,N/A,N/A,N/A,N/A,facebook_10212340869170851_00066676CAD0_180112182224,12920,76CAD0
2018-01-12T18:40:37.6410+00:00,713319802,1515782437.6409,-11726208,3280236,269,16.812,False,4262,16.611,False,N/A,N/A,N/A,N/A,N/A,N/A,facebook_10212340869170851_00066676CAD0_180112182224,12920,76CAD0
2018-01-12T18:40:43.6630+00:00,713325821,1515782443.6627,-11726208,3280236,269,16.812,False,4272,16.651,False,N/A,N/A,N/A,N/A,N/A,N/A,facebook_10212340869170851_00066676CAD0_180112182224,12920,76CAD0
2018-01-12T18:40:49.6850+00:00,713331840,1515782449.6846,-11726208,3280236,269,16.812,False,4273,16.654,False,N/A,N/A,N/A,N/A,N/A,N/A,facebook_10212340869170851_00066676CAD0_180112182224,12920,76CAD0
2018-01-12T18:40:55.7070+00:00,713337860,1515782455.7074,-11726208,3280236,269,16.812,False,4280,16.682,False,N/A,N/A,N/A,N/A,N/A,N/A,facebook_10212340869170851_00066676CAD0_180112182224,12920,76CAD0
2018-01-12T18:41:01.7300+00:00,713343880,1515782461.7303,-11726208,3280236,269,16.812,False,4273,16.654,False,N/A,N/A,N/A,N/A,N/A,N/A,facebook_10212340869170851_00066676CAD0_180112182224,12920,76CAD0
2018-01-12T18:41:07.7530+00:00,713349900,1515782467.7531,-11726208,3280236,269,16.812,False,4266,16.627,False,N/A,N/A,N/A,N/A,N/A,N/A,facebook_10212340869170851_00066676CAD0_180112182224,12920,76CAD0
2018-01-12T18:41:13.7770+00:00,713355921,1515782473.7769,-11726208,3280236,269,16.812,False,4273,16.654,False,N/A,N/A,N/A,N/A,N/A,N/A,facebook_10212340869170851_00066676CAD0_180112182224,12920,76CAD0
2018-01-12T18:41:19.7990+00:00,713361940,1515782479.7988,-11726208,3280236,269,16.812,False,4273,16.654,False,N/A,N/A,N/A,N/A,N/A,N/A,facebook_10212340869170851_00066676CAD0_180112182224,12920,76CAD0
2018-01-12T18:41:25.8230+00:00,713367961,1515782485.8226,-11726208,3280236,269,16.812,False,4268,16.635,False,N/A,N/A,N/A,N/A,N/A,N/A,facebook_10212340869170851_00066676CAD0_180112182224,12920,76CAD0
2018-01-12T18:41:31.8440+00:00,713373980,1515782491.8445,-11726208,3280236,269,16.812,False,4271,16.647,False,N/A,N/A,N/A,N/A,N/A,N/A,facebook_10212340869170851_00066676CAD0_180112182224,12920,76CAD0
2018-01-12T18:41:37.8680+00:00,713380001,1515782497.8683,-11726208,3280236,269,16.812,False,4271,16.647,False,N/A,N/A,N/A,N/A,N/A,N/A,facebook_10212340869170851_00066676CAD0_180112182224,12920,76CAD0
2018-01-12T18:41:43.8910+00:00,713386021,1515782503.8911,-11726208,3280236,269,16.812,False,4271,16.647,False,N/A,N/A,N/A,N/A,N/A,N/A,facebook_10212340869170851_00066676CAD0_180112182224,12920,76CAD0
2018-01-12T18:41:49.9140+00:00,713392041,1515782509.9140,-11726208,3280236,269,16.812,False,4269,16.639,False,N/A,N/A,N/A,N/A,N/A,N/A,facebook_10212340869170851_00066676CAD0_180112182224,12920,76CAD0
2018-01-12T18:41:55.9380+00:00,713398062,1515782515.9378,-11726208,3280236,269,16.812,False,4276,16.666,False,N/A,N/A,N/A,N/A,N/A,N/A,facebook_10212340869170851_00066676CAD0_180112182224,12920,76CAD0
2018-01-12T18:42:01.9610+00:00,713404082,1515782521.9607,-11726208,3280236,269,16.812,True,4279,16.678,True,N/A,N/A,N/A,N/A,N/A,N/A,facebook_10212340869170851_00066676CAD0_180112182224,12920,76CAD0
2018-01-12T18:42:07.9830+00:00,713410102,1515782527.9835,-11726208,3280236,269,16.812,True,4270,16.643,True,N/A,N/A,N/A,N/A,N/A,N/A,facebook_10212340869170851_00066676CAD0_180112182224,12920,76CAD0
2018-01-12T18:42:14.0060+00:00,713416122,1515782534.0063,-11726208,3280236,269,16.812,True,4278,16.674,True,N/A,N/A,N/A,N/A,N/A,N/A,facebook_10212340869170851_00066676CAD0_180112182224,12920,76CAD0
2018-01-12T18:42:20.0280+00:00,713422141,1515782540.0282,-11726208,3280236,269,16.812,False,4274,16.658,False,N/A,N/A,N/A,N/A,N/A,N/A,facebook_10212340869170851_00066676CAD0_180112182224,12920,76CAD0
2018-01-12T18:42:26.0510+00:00,713428161,1515782546.0510,-11726208,3280236,269,16.812,False,4266,16.627,False,N/A,N/A,N/A,N/A,N/A,N/A,facebook_10212340869170851_00066676CAD0_180112182224,12920,76CAD0
2018-01-12T18:42:32.0750+00:00,713434182,1515782552.0749,-11726208,3280236,269,16.812,False,4276,16.666,False,N/A,N/A,N/A,N/A,N/A,N/A,facebook_10212340869170851_00066676CAD0_180112182224,12920,76CAD0
2018-01-12T18:42:38.0990+00:00,713440203,1515782558.0987,-11726208,3280236,269,16.812,False,4281,16.686,False,N/A,N/A,N/A,N/A,N/A,N/A,facebook_10212340869170851_00066676CAD0_180112182224,12920,76CAD0
2018-01-12T18:42:44.1220+00:00,713446223,1515782564.1215,-11726208,3280236,269,16.812,False,4269,16.639,False,N/A,N/A,N/A,N/A,N/A,N/A,facebook_10212340869170851_00066676CAD0_180112182224,12920,76CAD0
2018-01-12T18:42:50.1440+00:00,713452243,1515782570.1444,-11726208,3280236,269,16.812,False,4269,16.639,False,N/A,N/A,N/A,N/A,N/A,N/A,facebook_10212340869170851_00066676CAD0_180112182224,12920,76CAD0
2018-01-12T18:42:56.1670+00:00,713458263,1515782576.1672,-11726208,3280236,269,16.812,False,4276,16.666,False,N/A,N/A,N/A,N/A,N/A,N/A,facebook_10212340869170851_00066676CAD0_180112182224,12920,76CAD0
2018-01-12T18:43:02.1900+00:00,713464283,1515782582.1900,-11726208,3280236,269,16.812,False,4273,16.654,False,N/A,N/A,N/A,N/A,N/A,N/A,facebook_10212340869170851_00066676CAD0_180112182224,12920,76CAD0
2018-01-12T18:43:08.2130+00:00,713470303,1515782588.2129,-11726208,3280236,269,16.812,False,4276,16.666,False,N/A,N/A,N/A,N/A,N/A,N/A,facebook_10212340869170851_00066676CAD0_180112182224,12920,76CAD0
2018-01-12T18:43:14.2360+00:00,713476323,1515782594.2357,-11726208,3280236,269,16.812,True,4276,16.666,True,N/A,N/A,N/A,N/A,N/A,N/A,facebook_10212340869170851_00066676CAD0_180112182224,12920,76CAD0
2018-01-12T18:43:20.2580+00:00,713482342,1515782600.2576,-11726208,3280236,269,16.812,False,4278,16.674,False,N/A,N/A,N/A,N/A,N/A,N/A,facebook_10212340869170851_00066676CAD0_180112182224,12920,76CAD0
2018-01-12T18:43:26.2790+00:00,713488361,1515782606.2794,-11726208,3280236,269,16.812,False,4274,16.658,False,N/A,N/A,N/A,N/A,N/A,N/A,facebook_10212340869170851_00066676CAD0_180112182224,12920,76CAD0
2018-01-12T18:43:32.3010+00:00,713494380,1515782612.3012,-11726208,3280236,269,16.812,False,4282,16.690,False,N/A,N/A,N/A,N/A,N/A,N/A,facebook_10212340869170851_00066676CAD0_180112182224,12920,76CAD0
2018-01-12T18:43:38.3230+00:00,713500399,1515782618.3231,-11726208,3280236,269,16.812,False,4279,16.678,False,N/A,N/A,N/A,N/A,N/A,N/A,facebook_10212340869170851_00066676CAD0_180112182224,12920,76CAD0
2018-01-12T18:43:44.3450+00:00,713506418,1515782624.3449,-11726208,3280236,269,16.812,False,4277,16.670,False,N/A,N/A,N/A,N/A,N/A,N/A,facebook_10212340869170851_00066676CAD0_180112182224,12920,76CAD0
2018-01-12T18:43:50.3680+00:00,713512438,1515782630.3678,-11726208,3280236,269,16.812,False,4272,16.651,False,N/A,N/A,N/A,N/A,N/A,N/A,facebook_10212340869170851_00066676CAD0_180112182224,12920,76CAD0
2018-01-12T18:43:56.3910+00:00,713518458,1515782636.3906,-11726208,3280236,269,16.812,True,4271,16.647,True,N/A,N/A,N/A,N/A,N/A,N/A,facebook_10212340869170851_00066676CAD0_180112182224,12920,76CAD0
2018-01-12T18:44:02.4120+00:00,713524477,1515782642.4124,-11726208,3280236,269,16.812,True,4269,16.639,True,N/A,N/A,N/A,N/A,N/A,N/A,facebook_10212340869170851_00066676CAD0_180112182224,12920,76CAD0
2018-01-12T18:44:08.4340+00:00,713530496,1515782648.4343,-11726208,3280236,269,16.812,True,4280,16.682,True,N/A,N/A,N/A,N/A,N/A,N/A,facebook_10212340869170851_00066676CAD0_180112182224,12920,76CAD0
2018-01-12T18:44:14.4580+00:00,713536517,1515782654.4581,-11726208,3280236,269,16.812,True,4281,16.686,True,N/A,N/A,N/A,N/A,N/A,N/A,facebook_10212340869170851_00066676CAD0_180112182224,12920,76CAD0
2018-01-12T18:44:20.4800+00:00,713542536,1515782660.4800,-11726208,3280236,269,16.812,False,4277,16.670,False,N/A,N/A,N/A,N/A,N/A,N/A,facebook_10212340869170851_00066676CAD0_180112182224,12920,76CAD0
2018-01-12T18:44:26.5030+00:00,713548556,1515782666.5028,-11726208,3280236,269,16.812,False,4276,16.666,False,N/A,N/A,N/A,N/A,N/A,N/A,facebook_10212340869170851_00066676CAD0_180112182224,12920,76CAD0
2018-01-12T18:44:32.5260+00:00,713554576,1515782672.5256,-11726208,3280236,269,16.812,False,4278,16.674,False,N/A,N/A,N/A,N/A,N/A,N/A,facebook_10212340869170851_00066676CAD0_180112182224,12920,76CAD0
2018-01-12T18:44:38.5480+00:00,713560596,1515782678.5485,-11726208,3280236,269,16.812,False,4274,16.658,False,N/A,N/A,N/A,N/A,N/A,N/A,facebook_10212340869170851_00066676CAD0_180112182224,12920,76CAD0
2018-01-12T18:44:44.5700+00:00,713566615,1515782684.5703,-11726208,3280236,269,16.812,True,4268,16.635,True,N/A,N/A,N/A,N/A,N/A,N/A,facebook_10212340869170851_00066676CAD0_180112182224,12920,76CAD0
2018-01-12T18:44:50.5920+00:00,713572634,1515782690.5921,-11726208,3280236,269,16.812,False,4269,16.639,False,N/A,N/A,N/A,N/A,N/A,N/A,facebook_10212340869170851_00066676CAD0_180112182224,12920,76CAD0
2018-01-12T18:44:56.6140+00:00,713578653,1515782696.6140,-11726208,3280236,269,16.812,False,4285,16.701,False,N/A,N/A,N/A,N/A,N/A,N/A,facebook_10212340869170851_00066676CAD0_180112182224,12920,76CAD0
2018-01-12T18:45:02.6370+00:00,713584673,1515782702.6368,-11726208,3280236,269,16.812,False,4289,16.717,False,N/A,N/A,N/A,N/A,N/A,N/A,facebook_10212340869170851_00066676CAD0_180112182224,12920,76CAD0
2018-01-12T18:45:08.6600+00:00,713590693,1515782708.6597,-11726208,3280236,269,16.812,False,4285,16.701,False,N/A,N/A,N/A,N/A,N/A,N/A,facebook_10212340869170851_00066676CAD0_180112182224,12920,76CAD0
2018-01-12T18:45:14.6830+00:00,713596713,1515782714.6825,-11726208,3280236,269,16.812,False,4292,16.729,False,N/A,N/A,N/A,N/A,N/A,N/A,facebook_10212340869170851_00066676CAD0_180112182224,12920,76CAD0
2018-01-12T18:45:20.7050+00:00,713602733,1515782720.7053,-11726208,3280236,269,16.812,False,4293,16.733,False,N/A,N/A,N/A,N/A,N/A,N/A,facebook_10212340869170851_00066676CAD0_180112182224,12920,76CAD0
2018-01-12T18:45:26.7290+00:00,713608754,1515782726.7292,-11726208,3280236,270,16.875,False,4281,16.686,False,N/A,N/A,N/A,N/A,N/A,N/A,facebook_10212340869170851_00066676CAD0_180112182224,12920,76CAD0
2018-01-12T18:45:32.7520+00:00,713614774,1515782732.7520,-11726168,3280173,269,16.812,False,4285,16.701,False,N/A,N/A,N/A,N/A,N/A,N/A,facebook_10212340869170851_00066676CAD0_180112182224,12920,76CAD0
2018-01-12T18:45:38.7750+00:00,713620794,1515782738.7749,-11726170,3280171,270,16.875,False,4273,16.654,False,N/A,N/A,N/A,N/A,N/A,N/A,facebook_10212340869170851_00066676CAD0_180112182224,12920,76CAD0
2018-01-12T18:45:44.7980+00:00,713626814,1515782744.7977,-11726176,3280163,270,16.875,False,4281,16.686,False,N/A,N/A,N/A,N/A,N/A,N/A,facebook_10212340869170851_00066676CAD0_180112182224,12920,76CAD0
2018-01-12T18:45:50.8200+00:00,713632833,1515782750.8195,-11726176,3280163,270,16.875,False,4280,16.682,False,N/A,N/A,N/A,N/A,N/A,N/A,facebook_10212340869170851_00066676CAD0_180112182224,12920,76CAD0
2018-01-12T18:45:56.8430+00:00,713638854,1515782756.8434,-11726176,3280163,270,16.875,False,4272,16.651,False,N/A,N/A,N/A,N/A,N/A,N/A,facebook_10212340869170851_00066676CAD0_180112182224,12920,76CAD0
2018-01-12T18:46:02.8660+00:00,713644874,1515782762.8662,-11726176,3280163,270,16.875,False,4274,16.658,False,N/A,N/A,N/A,N/A,N/A,N/A,facebook_10212340869170851_00066676CAD0_180112182224,12920,76CAD0
2018-01-12T18:46:08.8890+00:00,713650894,1515782768.8891,-11726176,3280163,270,16.875,False,4273,16.654,False,N/A,N/A,N/A,N/A,N/A,N/A,facebook_10212340869170851_00066676CAD0_180112182224,12920,76CAD0
2018-01-12T18:46:14.9120+00:00,713656914,1515782774.9119,-11726176,3280163,270,16.875,False,4275,16.662,False,N/A,N/A,N/A,N/A,N/A,N/A,facebook_10212340869170851_00066676CAD0_180112182224,12920,76CAD0
2018-01-12T18:46:20.9340+00:00,713662933,1515782780.9337,-11726176,3280163,270,16.875,False,4271,16.647,False,N/A,N/A,N/A,N/A,N/A,N/A,facebook_10212340869170851_00066676CAD0_180112182224,12920,76CAD0
2018-01-12T18:46:26.9580+00:00,713668954,1515782786.9576,-11726176,3280163,269,16.812,False,4269,16.639,False,N/A,N/A,N/A,N/A,N/A,N/A,facebook_10212340869170851_00066676CAD0_180112182224,12920,76CAD0
2018-01-12T18:46:32.9800+00:00,713674974,1515782792.9804,-11726176,3280163,270,16.875,False,4276,16.666,False,N/A,N/A,N/A,N/A,N/A,N/A,facebook_10212340869170851_00066676CAD0_180112182224,12920,76CAD0
2018-01-12T18:46:39.0030+00:00,713680994,1515782799.0032,-11726176,3280163,269,16.812,True,4269,16.639,True,N/A,N/A,N/A,N/A,N/A,N/A,facebook_10212340869170851_00066676CAD0_180112182224,12920,76CAD0
2018-01-12T18:46:45.0250+00:00,713687013,1515782805.0251,-11726176,3280163,269,16.812,True,4274,16.658,True,N/A,N/A,N/A,N/A,N/A,N/A,facebook_10212340869170851_00066676CAD0_180112182224,12920,76CAD0
2018-01-12T18:46:51.0490+00:00,713693034,1515782811.0489,-11726176,3280163,269,16.812,False,4280,16.682,False,N/A,N/A,N/A,N/A,N/A,N/A,facebook_10212340869170851_00066676CAD0_180112182224,12920,76CAD0
2018-01-12T18:46:57.0720+00:00,713699054,1515782817.0718,-11726176,3280163,269,16.812,False,4270,16.643,False,N/A,N/A,N/A,N/A,N/A,N/A,facebook_10212340869170851_00066676CAD0_180112182224,12920,76CAD0
2018-01-12T18:47:03.0950+00:00,713705074,1515782823.0946,-11726176,3280163,269,16.812,False,4275,16.662,False,N/A,N/A,N/A,N/A,N/A,N/A,facebook_10212340869170851_00066676CAD0_180112182224,12920,76CAD0
2018-01-12T18:47:09.1170+00:00,713711094,1515782829.1174,-11726176,3280163,270,16.875,False,4273,16.654,False,N/A,N/A,N/A,N/A,N/A,N/A,facebook_10212340869170851_00066676CAD0_180112182224,12920,76CAD0
2018-01-12T18:47:15.1400+00:00,713717114,1515782835.1403,-11726176,3280163,270,16.875,False,4269,16.639,False,N/A,N/A,N/A,N/A,N/A,N/A,facebook_10212340869170851_00066676CAD0_180112182224,12920,76CAD0
2018-01-12T18:47:21.1620+00:00,713723133,1515782841.1621,-11726176,3280163,269,16.812,True,4275,16.662,True,N/A,N/A,N/A,N/A,N/A,N/A,facebook_10212340869170851_00066676CAD0_180112182224,12920,76CAD0
2018-01-12T18:47:27.1850+00:00,713729153,1515782847.1850,-11726176,3280163,269,16.812,True,4269,16.639,True,N/A,N/A,N/A,N/A,N/A,N/A,facebook_10212340869170851_00066676CAD0_180112182224,12920,76CAD0
2018-01-12T18:47:33.2080+00:00,713735173,1515782853.2078,-11726176,3280163,269,16.812,True,4275,16.662,True,N/A,N/A,N/A,N/A,N/A,N/A,facebook_10212340869170851_00066676CAD0_180112182224,12920,76CAD0
2018-01-12T18:47:39.2310+00:00,713741193,1515782859.2306,-11726176,3280163,269,16.812,True,4271,16.647,True,N/A,N/A,N/A,N/A,N/A,N/A,facebook_10212340869170851_00066676CAD0_180112182224,12920,76CAD0
2018-01-12T18:47:45.2530+00:00,713747213,1515782865.2535,-11726176,3280163,269,16.812,False,4265,16.623,False,N/A,N/A,N/A,N/A,N/A,N/A,facebook_10212340869170851_00066676CAD0_180112182224,12920,76CAD0
2018-01-12T18:47:51.2750+00:00,713753232,1515782871.2753,-11726176,3280163,269,16.812,False,4272,16.651,False,N/A,N/A,N/A,N/A,N/A,N/A,facebook_10212340869170851_00066676CAD0_180112182224,12920,76CAD0
2018-01-12T18:47:57.2980+00:00,713759252,1515782877.2982,-11726176,3280163,269,16.812,False,4265,16.623,False,N/A,N/A,N/A,N/A,N/A,N/A,facebook_10212340869170851_00066676CAD0_180112182224,12920,76CAD0
2018-01-12T18:48:03.3220+00:00,713765273,1515782883.3220,-11726176,3280163,269,16.812,False,4273,16.654,False,N/A,N/A,N/A,N/A,N/A,N/A,facebook_10212340869170851_00066676CAD0_180112182224,12920,76CAD0
2018-01-12T18:48:09.3440+00:00,713771292,1515782889.3438,-11726176,3280163,269,16.812,False,4272,16.651,False,N/A,N/A,N/A,N/A,N/A,N/A,facebook_10212340869170851_00066676CAD0_180112182224,12920,76CAD0
2018-01-12T18:48:15.3670+00:00,713777312,1515782895.3667,-11726176,3280163,269,16.812,False,4268,16.635,False,N/A,N/A,N/A,N/A,N/A,N/A,facebook_10212340869170851_00066676CAD0_180112182224,12920,76CAD0
2018-01-12T18:48:21.3900+00:00,713783332,1515782901.3895,-11726176,3280163,269,16.812,False,4273,16.654,False,N/A,N/A,N/A,N/A,N/A,N/A,facebook_10212340869170851_00066676CAD0_180112182224,12920,76CAD0
2018-01-12T18:48:27.4120+00:00,713789352,1515782907.4124,-11726176,3280163,269,16.812,False,4270,16.643,False,N/A,N/A,N/A,N/A,N/A,N/A,facebook_10212340869170851_00066676CAD0_180112182224,12920,76CAD0
2018-01-12T18:48:33.4360+00:00,713795373,1515782913.4362,-11726176,3280163,269,16.812,False,4272,16.651,False,N/A,N/A,N/A,N/A,N/A,N/A,facebook_10212340869170851_00066676CAD0_180112182224,12920,76CAD0
2018-01-12T18:48:39.4580+00:00,713801392,1515782919.4580,-11726176,3280163,269,16.812,False,4273,16.654,False,N/A,N/A,N/A,N/A,N/A,N/A,facebook_10212340869170851_00066676CAD0_180112182224,12920,76CAD0
2018-01-12T18:48:45.4830+00:00,713807414,1515782925.4829,-11726176,3280163,269,16.812,False,4287,16.709,False,N/A,N/A,N/A,N/A,N/A,N/A,facebook_10212340869170851_00066676CAD0_180112182224,12920,76CAD0
2018-01-12T18:48:51.5070+00:00,713813435,1515782931.5067,-11726176,3280163,269,16.812,True,4276,16.666,True,N/A,N/A,N/A,N/A,N/A,N/A,facebook_10212340869170851_00066676CAD0_180112182224,12920,76CAD0
2018-01-12T18:48:57.5290+00:00,713819454,1515782937.5285,-11726176,3280163,269,16.812,False,4282,16.690,False,N/A,N/A,N/A,N/A,N/A,N/A,facebook_10212340869170851_00066676CAD0_180112182224,12920,76CAD0
2018-01-12T18:49:03.5510+00:00,713825474,1515782943.5514,-11726176,3280163,269,16.812,False,4278,16.674,False,N/A,N/A,N/A,N/A,N/A,N/A,facebook_10212340869170851_00066676CAD0_180112182224,12920,76CAD0
2018-01-12T18:49:09.5740+00:00,713831494,1515782949.5742,-11726176,3280163,269,16.812,False,4282,16.690,False,N/A,N/A,N/A,N/A,N/A,N/A,facebook_10212340869170851_00066676CAD0_180112182224,12920,76CAD0
2018-01-12T18:49:15.5980+00:00,713837515,1515782955.5981,-11726176,3280163,269,16.812,False,4280,16.682,False,N/A,N/A,N/A,N/A,N/A,N/A,facebook_10212340869170851_00066676CAD0_180112182224,12920,76CAD0
2018-01-12T18:49:21.6210+00:00,713843535,1515782961.6209,-11726176,3280163,269,16.812,False,4276,16.666,False,N/A,N/A,N/A,N/A,N/A,N/A,facebook_10212340869170851_00066676CAD0_180112182224,12920,76CAD0
2018-01-12T18:49:27.6440+00:00,713849555,1515782967.6437,-11726176,3280163,269,16.812,False,4279,16.678,False,N/A,N/A,N/A,N/A,N/A,N/A,facebook_10212340869170851_00066676CAD0_180112182224,12920,76CAD0
2018-01-12T18:49:33.6670+00:00,713855575,1515782973.6666,-11726176,3280163,269,16.812,True,4274,16.658,True,N/A,N/A,N/A,N/A,N/A,N/A,facebook_10212340869170851_00066676CAD0_180112182224,12920,76CAD0
2018-01-12T18:49:39.6890+00:00,713861595,1515782979.6894,-11726176,3280163,269,16.812,True,4287,16.709,True,N/A,N/A,N/A,N/A,N/A,N/A,facebook_10212340869170851_00066676CAD0_180112182224,12920,76CAD0
2018-01-12T18:49:45.7120+00:00,713867615,1515782985.7123,-11726176,3280163,269,16.812,True,4278,16.674,True,N/A,N/A,N/A,N/A,N/A,N/A,facebook_10212340869170851_00066676CAD0_180112182224,12920,76CAD0
2018-01-12T18:49:51.7360+00:00,713873636,1515782991.7361,-11726176,3280163,269,16.812,False,4269,16.639,False,N/A,N/A,N/A,N/A,N/A,N/A,facebook_10212340869170851_00066676CAD0_180112182224,12920,76CAD0
2018-01-12T18:49:57.7590+00:00,713879656,1515782997.7589,-11726176,3280163,269,16.812,False,4273,16.654,False,N/A,N/A,N/A,N/A,N/A,N/A,facebook_10212340869170851_00066676CAD0_180112182224,12920,76CAD0
2018-01-12T18:50:03.7820+00:00,713885676,1515783003.7818,-11726176,3280163,269,16.812,False,4279,16.678,False,N/A,N/A,N/A,N/A,N/A,N/A,facebook_10212340869170851_00066676CAD0_180112182224,12920,76CAD0
2018-01-12T18:50:09.8050+00:00,713891696,1515783009.8046,-11726176,3280163,269,16.812,False,4270,16.643,False,N/A,N/A,N/A,N/A,N/A,N/A,facebook_10212340869170851_00066676CAD0_180112182224,12920,76CAD0
2018-01-12T18:50:15.8270+00:00,713897716,1515783015.8275,-11726176,3280163,269,16.812,False,4278,16.674,False,N/A,N/A,N/A,N/A,N/A,N/A,facebook_10212340869170851_00066676CAD0_180112182224,12920,76CAD0
2018-01-12T18:50:21.8500+00:00,713903736,1515783021.8503,-11726176,3280163,269,16.812,False,4267,16.631,False,N/A,N/A,N/A,N/A,N/A,N/A,facebook_10212340869170851_00066676CAD0_180112182224,12920,76CAD0
2018-01-12T18:50:27.8730+00:00,713909756,1515783027.8731,-11726176,3280163,269,16.812,False,4275,16.662,False,N/A,N/A,N/A,N/A,N/A,N/A,facebook_10212340869170851_00066676CAD0_180112182224,12920,76CAD0
2018-01-12T18:50:33.8960+00:00,713915776,1515783033.8960,-11726176,3280163,269,16.812,False,4272,16.651,False,N/A,N/A,N/A,N/A,N/A,N/A,facebook_10212340869170851_00066676CAD0_180112182224,12920,76CAD0
2018-01-12T18:50:39.9180+00:00,713921795,1515783039.9178,-11726176,3280163,269,16.812,False,4274,16.658,False,N/A,N/A,N/A,N/A,N/A,N/A,facebook_10212340869170851_00066676CAD0_180112182224,12920,76CAD0
2018-01-12T18:50:45.9410+00:00,713927815,1515783045.9406,-11726176,3280163,269,16.812,False,4285,16.701,False,N/A,N/A,N/A,N/A,N/A,N/A,facebook_10212340869170851_00066676CAD0_180112182224,12920,76CAD0
2018-01-12T18:50:51.9630+00:00,713933835,1515783051.9635,-11726176,3280163,269,16.812,False,4289,16.717,False,N/A,N/A,N/A,N/A,N/A,N/A,facebook_10212340869170851_00066676CAD0_180112182224,12920,76CAD0
2018-01-12T18:50:57.9870+00:00,713939856,1515783057.9873,-11726176,3280163,269,16.812,False,4277,16.670,False,N/A,N/A,N/A,N/A,N/A,N/A,facebook_10212340869170851_00066676CAD0_180112182224,12920,76CAD0
2018-01-12T18:51:04.0090+00:00,713945875,1515783064.0092,-11726176,3280163,269,16.812,False,4275,16.662,False,N/A,N/A,N/A,N/A,N/A,N/A,facebook_10212340869170851_00066676CAD0_180112182224,12920,76CAD0
2018-01-12T18:51:10.0320+00:00,713951895,1515783070.0320,-11726176,3280163,269,16.812,False,4275,16.662,False,N/A,N/A,N/A,N/A,N/A,N/A,facebook_10212340869170851_00066676CAD0_180112182224,12920,76CAD0
2018-01-12T18:51:16.0550+00:00,713957915,1515783076.0548,-11726176,3280163,269,16.812,False,4273,16.654,False,N/A,N/A,N/A,N/A,N/A,N/A,facebook_10212340869170851_00066676CAD0_180112182224,12920,76CAD0
2018-01-12T18:51:22.0790+00:00,713963936,1515783082.0787,-11726176,3280163,269,16.812,False,4271,16.647,False,N/A,N/A,N/A,N/A,N/A,N/A,facebook_10212340869170851_00066676CAD0_180112182224,12920,76CAD0
2018-01-12T18:51:28.1020+00:00,713969956,1515783088.1015,-11726176,3280163,269,16.812,False,4274,16.658,False,N/A,N/A,N/A,N/A,N/A,N/A,facebook_10212340869170851_00066676CAD0_180112182224,12920,76CAD0
2018-01-12T18:51:34.1240+00:00,713975976,1515783094.1244,-11726176,3280163,269,16.812,False,4273,16.654,False,N/A,N/A,N/A,N/A,N/A,N/A,facebook_10212340869170851_00066676CAD0_180112182224,12920,76CAD0
2018-01-12T18:51:40.1470+00:00,713981996,1515783100.1472,-11726176,3280163,269,16.812,False,4280,16.682,False,N/A,N/A,N/A,N/A,N/A,N/A,facebook_10212340869170851_00066676CAD0_180112182224,12920,76CAD0
2018-01-12T18:51:46.1700+00:00,713988016,1515783106.1700,-11726176,3280163,269,16.812,False,4269,16.639,False,N/A,N/A,N/A,N/A,N/A,N/A,facebook_10212340869170851_00066676CAD0_180112182224,12920,76CAD0
2018-01-12T18:51:52.1930+00:00,713994036,1515783112.1929,-11726176,3280163,269,16.812,False,4279,16.678,False,N/A,N/A,N/A,N/A,N/A,N/A,facebook_10212340869170851_00066676CAD0_180112182224,12920,76CAD0
2018-01-12T18:51:58.2160+00:00,714000056,1515783118.2157,-11726176,3280163,269,16.812,False,4275,16.662,False,N/A,N/A,N/A,N/A,N/A,N/A,facebook_10212340869170851_00066676CAD0_180112182224,12920,76CAD0
2018-01-12T18:52:04.2380+00:00,714006075,1515783124.2376,-11726176,3280163,269,16.812,False,4278,16.674,False,N/A,N/A,N/A,N/A,N/A,N/A,facebook_10212340869170851_00066676CAD0_180112182224,12920,76CAD0
2018-01-12T18:52:10.2590+00:00,714012094,1515783130.2594,-11726176,3280163,269,16.812,False,4278,16.674,False,N/A,N/A,N/A,N/A,N/A,N/A,facebook_10212340869170851_00066676CAD0_180112182224,12920,76CAD0
2018-01-12T18:52:16.2820+00:00,714018114,1515783136.2822,-11726176,3280163,269,16.812,True,4273,16.654,True,N/A,N/A,N/A,N/A,N/A,N/A,facebook_10212340869170851_00066676CAD0_180112182224,12920,76CAD0
2018-01-12T18:52:22.3060+00:00,714024135,1515783142.3061,-11726176,3280163,269,16.812,True,4274,16.658,True,N/A,N/A,N/A,N/A,N/A,N/A,facebook_10212340869170851_00066676CAD0_180112182224,12920,76CAD0
2018-01-12T18:52:28.3290+00:00,714030155,1515783148.3289,-11726176,3280163,269,16.812,True,4282,16.690,True,N/A,N/A,N/A,N/A,N/A,N/A,facebook_10212340869170851_00066676CAD0_180112182224,12920,76CAD0
2018-01-12T18:52:34.3520+00:00,714036175,1515783154.3518,-11726176,3280163,269,16.812,True,4279,16.678,True,N/A,N/A,N/A,N/A,N/A,N/A,facebook_10212340869170851_00066676CAD0_180112182224,12920,76CAD0
2018-01-12T18:52:40.3740+00:00,714042194,1515783160.3736,-11726176,3280163,269,16.812,True,4280,16.682,True,N/A,N/A,N/A,N/A,N/A,N/A,facebook_10212340869170851_00066676CAD0_180112182224,12920,76CAD0
2018-01-12T18:52:46.3960+00:00,714048214,1515783166.3964,-11726176,3280163,270,16.875,True,4281,16.686,True,N/A,N/A,N/A,N/A,N/A,N/A,facebook_10212340869170851_00066676CAD0_180112182224,12920,76CAD0
2018-01-12T18:52:52.4190+00:00,714054234,1515783172.4193,-11726176,3280163,269,16.812,False,4269,16.639,False,N/A,N/A,N/A,N/A,N/A,N/A,facebook_10212340869170851_00066676CAD0_180112182224,12920,76CAD0
2018-01-12T18:52:58.4410+00:00,714060253,1515783178.4411,-11726176,3280163,270,16.875,False,4278,16.674,False,N/A,N/A,N/A,N/A,N/A,N/A,facebook_10212340869170851_00066676CAD0_180112182224,12920,76CAD0
2018-01-12T18:53:04.4640+00:00,714066273,1515783184.4639,-11726176,3280163,270,16.875,False,4273,16.654,False,N/A,N/A,N/A,N/A,N/A,N/A,facebook_10212340869170851_00066676CAD0_180112182224,12920,76CAD0
2018-01-12T18:53:10.4870+00:00,714072293,1515783190.4868,-11726176,3280163,270,16.875,True,4278,16.674,True,N/A,N/A,N/A,N/A,N/A,N/A,facebook_10212340869170851_00066676CAD0_180112182224,12920,76CAD0
2018-01-12T18:53:16.5100+00:00,714078313,1515783196.5096,-11726176,3280163,269,16.812,False,4280,16.682,False,N/A,N/A,N/A,N/A,N/A,N/A,facebook_10212340869170851_00066676CAD0_180112182224,12920,76CAD0
2018-01-12T18:53:22.5330+00:00,714084334,1515783202.5335,-11726176,3280163,269,16.812,False,4289,16.717,False,N/A,N/A,N/A,N/A,N/A,N/A,facebook_10212340869170851_00066676CAD0_180112182224,12920,76CAD0
2018-01-12T18:53:28.5580+00:00,714090356,1515783208.5583,-11726176,3280163,269,16.812,False,4297,16.748,False,N/A,N/A,N/A,N/A,N/A,N/A,facebook_10212340869170851_00066676CAD0_180112182224,12920,76CAD0
2018-01-12T18:53:34.5810+00:00,714096376,1515783214.5811,-11726149,3280195,270,16.875,False,4286,16.705,False,N/A,N/A,N/A,N/A,N/A,N/A,facebook_10212340869170851_00066676CAD0_180112182224,12920,76CAD0
2018-01-12T18:53:40.6040+00:00,714102396,1515783220.6040,-11726142,3280200,270,16.875,False,4278,16.674,False,N/A,N/A,N/A,N/A,N/A,N/A,facebook_10212340869170851_00066676CAD0_180112182224,12920,76CAD0
2018-01-12T18:53:46.6270+00:00,714108416,1515783226.6268,-11726141,3280198,271,16.938,False,4282,16.690,False,N/A,N/A,N/A,N/A,N/A,N/A,facebook_10212340869170851_00066676CAD0_180112182224,12920,76CAD0
2018-01-12T18:53:52.6510+00:00,714114437,1515783232.6507,-11726140,3280197,271,16.938,False,4286,16.705,False,N/A,N/A,N/A,N/A,N/A,N/A,facebook_10212340869170851_00066676CAD0_180112182224,12920,76CAD0
2018-01-12T18:53:58.6730+00:00,714120456,1515783238.6725,-11726142,3280195,270,16.875,False,4286,16.705,False,N/A,N/A,N/A,N/A,N/A,N/A,facebook_10212340869170851_00066676CAD0_180112182224,12920,76CAD0
2018-01-12T18:54:04.6960+00:00,714126477,1515783244.6963,-11726146,3280197,270,16.875,False,4270,16.643,False,N/A,N/A,N/A,N/A,N/A,N/A,facebook_10212340869170851_00066676CAD0_180112182224,12920,76CAD0
2018-01-12T18:54:10.7180+00:00,714132496,1515783250.7182,-11726150,3280198,270,16.875,False,4284,16.697,False,N/A,N/A,N/A,N/A,N/A,N/A,facebook_10212340869170851_00066676CAD0_180112182224,12920,76CAD0
2018-01-12T18:54:16.7410+00:00,714138516,1515783256.7410,-11726154,3280199,270,16.875,False,4287,16.709,False,N/A,N/A,N/A,N/A,N/A,N/A,facebook_10212340869170851_00066676CAD0_180112182224,12920,76CAD0
2018-01-12T18:54:22.7640+00:00,714144536,1515783262.7639,-11726158,3280200,270,16.875,True,4282,16.690,True,N/A,N/A,N/A,N/A,N/A,N/A,facebook_10212340869170851_00066676CAD0_180112182224,12920,76CAD0
2018-01-12T18:54:28.7870+00:00,714150556,1515783268.7867,-11726159,3280200,270,16.875,True,4280,16.682,True,N/A,N/A,N/A,N/A,N/A,N/A,facebook_10212340869170851_00066676CAD0_180112182224,12920,76CAD0
2018-01-12T18:54:34.8100+00:00,714156576,1515783274.8095,-11726159,3280200,270,16.875,True,4278,16.674,True,N/A,N/A,N/A,N/A,N/A,N/A,facebook_10212340869170851_00066676CAD0_180112182224,12920,76CAD0
2018-01-12T18:54:40.8330+00:00,714162597,1515783280.8334,-11726159,3280200,270,16.875,False,4275,16.662,False,N/A,N/A,N/A,N/A,N/A,N/A,facebook_10212340869170851_00066676CAD0_180112182224,12920,76CAD0
2018-01-12T18:54:46.8560+00:00,714168617,1515783286.8562,-11726159,3280200,270,16.875,False,4269,16.639,False,N/A,N/A,N/A,N/A,N/A,N/A,facebook_10212340869170851_00066676CAD0_180112182224,12920,76CAD0
2018-01-12T18:54:52.8790+00:00,714174637,1515783292.8791,-11726159,3280200,270,16.875,False,4274,16.658,False,N/A,N/A,N/A,N/A,N/A,N/A,facebook_10212340869170851_00066676CAD0_180112182224,12920,76CAD0
2018-01-12T18:54:58.9010+00:00,714180656,1515783298.9009,-11726159,3280200,270,16.875,False,4279,16.678,False,N/A,N/A,N/A,N/A,N/A,N/A,facebook_10212340869170851_00066676CAD0_180112182224,12920,76CAD0
2018-01-12T18:55:04.9250+00:00,714186677,1515783304.9247,-11726159,3280200,270,16.875,False,4278,16.674,False,N/A,N/A,N/A,N/A,N/A,N/A,facebook_10212340869170851_00066676CAD0_180112182224,12920,76CAD0
2018-01-12T18:55:10.9480+00:00,714192697,1515783310.9476,-11726159,3280200,270,16.875,True,4277,16.670,True,N/A,N/A,N/A,N/A,N/A,N/A,facebook_10212340869170851_00066676CAD0_180112182224,12920,76CAD0
2018-01-12T18:55:16.9700+00:00,714198717,1515783316.9704,-11726159,3280200,270,16.875,True,4277,16.670,True,N/A,N/A,N/A,N/A,N/A,N/A,facebook_10212340869170851_00066676CAD0_180112182224,12920,76CAD0
2018-01-12T18:55:22.9940+00:00,714204738,1515783322.9942,-11726159,3280200,270,16.875,True,4281,16.686,True,N/A,N/A,N/A,N/A,N/A,N/A,facebook_10212340869170851_00066676CAD0_180112182224,12920,76CAD0
2018-01-12T18:55:29.0180+00:00,714210759,1515783329.0181,-11726159,3280200,270,16.875,False,4277,16.670,False,N/A,N/A,N/A,N/A,N/A,N/A,facebook_10212340869170851_00066676CAD0_180112182224,12920,76CAD0
2018-01-12T18:55:35.0410+00:00,714216779,1515783335.0409,-11726159,3280200,270,16.875,False,4280,16.682,False,N/A,N/A,N/A,N/A,N/A,N/A,facebook_10212340869170851_00066676CAD0_180112182224,12920,76CAD0
2018-01-12T18:55:41.0640+00:00,714222799,1515783341.0638,-11726159,3280200,269,16.812,False,4280,16.682,False,N/A,N/A,N/A,N/A,N/A,N/A,facebook_10212340869170851_00066676CAD0_180112182224,12920,76CAD0
2018-01-12T18:55:47.0860+00:00,714228818,1515783347.0856,-11726159,3280200,269,16.812,False,4285,16.701,False,N/A,N/A,N/A,N/A,N/A,N/A,facebook_10212340869170851_00066676CAD0_180112182224,12920,76CAD0
2018-01-12T18:55:53.1090+00:00,714234839,1515783353.1094,-11726159,3280200,270,16.875,True,4278,16.674,True,N/A,N/A,N/A,N/A,N/A,N/A,facebook_10212340869170851_00066676CAD0_180112182224,12920,76CAD0
2018-01-12T18:55:59.1320+00:00,714240859,1515783359.1323,-11726159,3280200,270,16.875,True,4283,16.694,True,N/A,N/A,N/A,N/A,N/A,N/A,facebook_10212340869170851_00066676CAD0_180112182224,12920,76CAD0
2018-01-12T18:56:05.1550+00:00,714246879,1515783365.1551,-11726159,3280200,269,16.812,True,4282,16.690,True,N/A,N/A,N/A,N/A,N/A,N/A,facebook_10212340869170851_00066676CAD0_180112182224,12920,76CAD0
2018-01-12T18:56:11.1780+00:00,714252899,1515783371.1780,-11726159,3280200,270,16.875,True,4277,16.670,True,N/A,N/A,N/A,N/A,N/A,N/A,facebook_10212340869170851_00066676CAD0_180112182224,12920,76CAD0
2018-01-12T18:56:17.2010+00:00,714258919,1515783377.2008,-11726159,3280200,269,16.812,False,4281,16.686,False,N/A,N/A,N/A,N/A,N/A,N/A,facebook_10212340869170851_00066676CAD0_180112182224,12920,76CAD0
2018-01-12T18:56:23.2250+00:00,714264940,1515783383.2246,-11726159,3280200,270,16.875,False,4275,16.662,False,N/A,N/A,N/A,N/A,N/A,N/A,facebook_10212340869170851_00066676CAD0_180112182224,12920,76CAD0
2018-01-12T18:56:29.2460+00:00,714270959,1515783389.2465,-11726159,3280200,270,16.875,False,4281,16.686,False,N/A,N/A,N/A,N/A,N/A,N/A,facebook_10212340869170851_00066676CAD0_180112182224,12920,76CAD0
2018-01-12T18:56:35.2690+00:00,714276979,1515783395.2693,-11726159,3280200,270,16.875,False,4272,16.651,False,N/A,N/A,N/A,N/A,N/A,N/A,facebook_10212340869170851_00066676CAD0_180112182224,12920,76CAD0
2018-01-12T18:56:41.2920+00:00,714282999,1515783401.2922,-11726159,3280200,269,16.812,False,4276,16.666,False,N/A,N/A,N/A,N/A,N/A,N/A,facebook_10212340869170851_00066676CAD0_180112182224,12920,76CAD0
2018-01-12T18:56:47.3140+00:00,714289018,1515783407.3140,-11726159,3280200,270,16.875,False,4275,16.662,False,N/A,N/A,N/A,N/A,N/A,N/A,facebook_10212340869170851_00066676CAD0_180112182224,12920,76CAD0
2018-01-12T18:56:53.3370+00:00,714295038,1515783413.3368,-11726159,3280200,270,16.875,False,4274,16.658,False,N/A,N/A,N/A,N/A,N/A,N/A,facebook_10212340869170851_00066676CAD0_180112182224,12920,76CAD0
2018-01-12T18:56:59.3590+00:00,714301057,1515783419.3587,-11726159,3280200,269,16.812,False,4284,16.697,False,N/A,N/A,N/A,N/A,N/A,N/A,facebook_10212340869170851_00066676CAD0_180112182224,12920,76CAD0
2018-01-12T18:57:05.3830+00:00,714307078,1515783425.3825,-11726159,3280200,269,16.812,False,4273,16.654,False,N/A,N/A,N/A,N/A,N/A,N/A,facebook_10212340869170851_00066676CAD0_180112182224,12920,76CAD0
2018-01-12T18:57:11.4050+00:00,714313098,1515783431.4054,-11726159,3280200,269,16.812,False,4276,16.666,False,N/A,N/A,N/A,N/A,N/A,N/A,facebook_10212340869170851_00066676CAD0_180112182224,12920,76CAD0
2018-01-12T18:57:17.4280+00:00,714319118,1515783437.4282,-11726159,3280200,269,16.812,True,4279,16.678,True,N/A,N/A,N/A,N/A,N/A,N/A,facebook_10212340869170851_00066676CAD0_180112182224,12920,76CAD0
2018-01-12T18:57:23.4500+00:00,714325137,1515783443.4500,-11726159,3280200,270,16.875,True,4287,16.709,True,N/A,N/A,N/A,N/A,N/A,N/A,facebook_10212340869170851_00066676CAD0_180112182224,12920,76CAD0
2018-01-12T18:57:29.4720+00:00,714331156,1515783449.4719,-11726159,3280200,270,16.875,True,4284,16.697,True,N/A,N/A,N/A,N/A,N/A,N/A,facebook_10212340869170851_00066676CAD0_180112182224,12920,76CAD0
2018-01-12T18:57:35.4960+00:00,714337177,1515783455.4957,-11726159,3280200,270,16.875,False,4278,16.674,False,N/A,N/A,N/A,N/A,N/A,N/A,facebook_10212340869170851_00066676CAD0_180112182224,12920,76CAD0
2018-01-12T18:57:41.5190+00:00,714343197,1515783461.5185,-11726159,3280200,270,16.875,False,4280,16.682,False,N/A,N/A,N/A,N/A,N/A,N/A,facebook_10212340869170851_00066676CAD0_180112182224,12920,76CAD0
2018-01-12T18:57:47.5410+00:00,714349217,1515783467.5414,-11726159,3280200,270,16.875,False,4277,16.670,False,N/A,N/A,N/A,N/A,N/A,N/A,facebook_10212340869170851_00066676CAD0_180112182224,12920,76CAD0
2018-01-12T18:57:53.5640+00:00,714355237,1515783473.5642,-11726159,3280200,270,16.875,True,4277,16.670,True,N/A,N/A,N/A,N/A,N/A,N/A,facebook_10212340869170851_00066676CAD0_180112182224,12920,76CAD0
2018-01-12T18:57:59.5870+00:00,714361257,1515783479.5871,-11726159,3280200,269,16.812,True,4270,16.643,True,N/A,N/A,N/A,N/A,N/A,N/A,facebook_10212340869170851_00066676CAD0_180112182224,12920,76CAD0
2018-01-12T18:58:05.6090+00:00,714367276,1515783485.6089,-11726159,3280200,270,16.875,True,4282,16.690,True,N/A,N/A,N/A,N/A,N/A,N/A,facebook_10212340869170851_00066676CAD0_180112182224,12920,76CAD0
2018-01-12T18:58:11.6310+00:00,714373295,1515783491.6307,-11726159,3280200,270,16.875,False,4284,16.697,False,N/A,N/A,N/A,N/A,N/A,N/A,facebook_10212340869170851_00066676CAD0_180112182224,12920,76CAD0
2018-01-12T18:58:17.6540+00:00,714379315,1515783497.6536,-11726159,3280200,270,16.875,False,4278,16.674,False,N/A,N/A,N/A,N/A,N/A,N/A,facebook_10212340869170851_00066676CAD0_180112182224,12920,76CAD0
2018-01-12T18:58:23.6760+00:00,714385335,1515783503.6764,-11726159,3280200,270,16.875,False,4275,16.662,False,N/A,N/A,N/A,N/A,N/A,N/A,facebook_10212340869170851_00066676CAD0_180112182224,12920,76CAD0
2018-01-12T18:58:29.6990+00:00,714391355,1515783509.6993,-11726159,3280200,270,16.875,False,4281,16.686,False,N/A,N/A,N/A,N/A,N/A,N/A,facebook_10212340869170851_00066676CAD0_180112182224,12920,76CAD0
2018-01-12T18:58:35.7210+00:00,714397374,1515783515.7211,-11726159,3280200,270,16.875,False,4284,16.697,False,N/A,N/A,N/A,N/A,N/A,N/A,facebook_10212340869170851_00066676CAD0_180112182224,12920,76CAD0
2018-01-12T18:58:41.7430+00:00,714403393,1515783521.7429,-11726159,3280200,270,16.875,False,4276,16.666,False,N/A,N/A,N/A,N/A,N/A,N/A,facebook_10212340869170851_00066676CAD0_180112182224,12920,76CAD0
2018-01-12T18:58:47.7670+00:00,714409414,1515783527.7668,-11726159,3280200,270,16.875,False,4285,16.701,False,N/A,N/A,N/A,N/A,N/A,N/A,facebook_10212340869170851_00066676CAD0_180112182224,12920,76CAD0
2018-01-12T18:58:53.7910+00:00,714415435,1515783533.7906,-11726159,3280200,270,16.875,False,4283,16.694,False,N/A,N/A,N/A,N/A,N/A,N/A,facebook_10212340869170851_00066676CAD0_180112182224,12920,76CAD0
2018-01-12T18:58:59.8130+00:00,714421455,1515783539.8135,-11726159,3280200,269,16.812,False,4273,16.654,False,N/A,N/A,N/A,N/A,N/A,N/A,facebook_10212340869170851_00066676CAD0_180112182224,12920,76CAD0
2018-01-12T18:59:05.8350+00:00,714427474,1515783545.8353,-11726159,3280200,269,16.812,False,4276,16.666,False,N/A,N/A,N/A,N/A,N/A,N/A,facebook_10212340869170851_00066676CAD0_180112182224,12920,76CAD0
2018-01-12T18:59:11.8590+00:00,714433495,1515783551.8591,-11726159,3280200,269,16.812,False,4282,16.690,False,N/A,N/A,N/A,N/A,N/A,N/A,facebook_10212340869170851_00066676CAD0_180112182224,12920,76CAD0
2018-01-12T18:59:17.8810+00:00,714439514,1515783557.8810,-11726159,3280200,270,16.875,False,4278,16.674,False,N/A,N/A,N/A,N/A,N/A,N/A,facebook_10212340869170851_00066676CAD0_180112182224,12920,76CAD0
2018-01-12T18:59:23.9040+00:00,714445534,1515783563.9038,-11726159,3280200,270,16.875,True,4276,16.666,True,N/A,N/A,N/A,N/A,N/A,N/A,facebook_10212340869170851_00066676CAD0_180112182224,12920,76CAD0
2018-01-12T18:59:29.9280+00:00,714451555,1515783569.9276,-11726159,3280200,270,16.875,False,4283,16.694,False,N/A,N/A,N/A,N/A,N/A,N/A,facebook_10212340869170851_00066676CAD0_180112182224,12920,76CAD0
2018-01-12T18:59:35.9500+00:00,714457575,1515783575.9505,-11726159,3280200,269,16.812,False,4285,16.701,False,N/A,N/A,N/A,N/A,N/A,N/A,facebook_10212340869170851_00066676CAD0_180112182224,12920,76CAD0
2018-01-12T18:59:41.9740+00:00,714463596,1515783581.9743,-11726159,3280200,269,16.812,False,4273,16.654,False,N/A,N/A,N/A,N/A,N/A,N/A,facebook_10212340869170851_00066676CAD0_180112182224,12920,76CAD0
2018-01-12T18:59:47.9990+00:00,714469618,1515783587.9992,-11726159,3280200,270,16.875,False,4279,16.678,False,N/A,N/A,N/A,N/A,N/A,N/A,facebook_10212340869170851_00066676CAD0_180112182224,12920,76CAD0
2018-01-12T18:59:54.0220+00:00,714475638,1515783594.0220,-11726159,3280200,270,16.875,False,4279,16.678,False,N/A,N/A,N/A,N/A,N/A,N/A,facebook_10212340869170851_00066676CAD0_180112182224,12920,76CAD0
2018-01-12T19:00:00.0450+00:00,714481658,1515783600.0448,-11726159,3280200,269,16.812,False,4282,16.690,False,N/A,N/A,N/A,N/A,N/A,N/A,facebook_10212340869170851_00066676CAD0_180112182224,12920,76CAD0
2018-01-12T19:00:06.0670+00:00,714487677,1515783606.0667,-11726159,3280200,270,16.875,False,4281,16.686,False,N/A,N/A,N/A,N/A,N/A,N/A,facebook_10212340869170851_00066676CAD0_180112182224,12920,76CAD0
2018-01-12T19:00:12.0900+00:00,714493697,1515783612.0895,-11726159,3280200,269,16.812,False,4272,16.651,False,N/A,N/A,N/A,N/A,N/A,N/A,facebook_10212340869170851_00066676CAD0_180112182224,12920,76CAD0
2018-01-12T19:00:18.1110+00:00,714499716,1515783618.1114,-11726159,3280200,269,16.812,False,4276,16.666,False,N/A,N/A,N/A,N/A,N/A,N/A,facebook_10212340869170851_00066676CAD0_180112182224,12920,76CAD0
2018-01-12T19:00:24.1340+00:00,714505736,1515783624.1342,-11726159,3280200,270,16.875,True,4277,16.670,True,N/A,N/A,N/A,N/A,N/A,N/A,facebook_10212340869170851_00066676CAD0_180112182224,12920,76CAD0
2018-01-12T19:00:30.1570+00:00,714511756,1515783630.1570,-11726159,3280200,269,16.812,True,4281,16.686,True,N/A,N/A,N/A,N/A,N/A,N/A,facebook_10212340869170851_00066676CAD0_180112182224,12920,76CAD0
2018-01-12T19:00:36.1810+00:00,714517777,1515783636.1809,-11726159,3280200,269,16.812,True,4285,16.701,True,N/A,N/A,N/A,N/A,N/A,N/A,facebook_10212340869170851_00066676CAD0_180112182224,12920,76CAD0
2018-01-12T19:00:42.2050+00:00,714523798,1515783642.2047,-11726159,3280200,270,16.875,False,4282,16.690,False,N/A,N/A,N/A,N/A,N/A,N/A,facebook_10212340869170851_00066676CAD0_180112182224,12920,76CAD0
2018-01-12T19:00:48.2270+00:00,714529817,1515783648.2266,-11726159,3280200,270,16.875,False,4273,16.654,False,N/A,N/A,N/A,N/A,N/A,N/A,facebook_10212340869170851_00066676CAD0_180112182224,12920,76CAD0
2018-01-12T19:00:54.2490+00:00,714535837,1515783654.2494,-11726159,3280200,270,16.875,False,4275,16.662,False,N/A,N/A,N/A,N/A,N/A,N/A,facebook_10212340869170851_00066676CAD0_180112182224,12920,76CAD0
2018-01-12T19:01:00.2720+00:00,714541857,1515783660.2722,-11726159,3280200,269,16.812,False,4286,16.705,False,N/A,N/A,N/A,N/A,N/A,N/A,facebook_10212340869170851_00066676CAD0_180112182224,12920,76CAD0
2018-01-12T19:01:06.2950+00:00,714547877,1515783666.2951,-11726159,3280200,269,16.812,False,4288,16.713,False,N/A,N/A,N/A,N/A,N/A,N/A,facebook_10212340869170851_00066676CAD0_180112182224,12920,76CAD0
2018-01-12T19:01:12.3180+00:00,714553897,1515783672.3179,-11726159,3280200,270,16.875,False,4291,16.725,False,N/A,N/A,N/A,N/A,N/A,N/A,facebook_10212340869170851_00066676CAD0_180112182224,12920,76CAD0
2018-01-12T19:01:18.3420+00:00,714559918,1515783678.3418,-11726159,3280200,270,16.875,False,4296,16.744,False,N/A,N/A,N/A,N/A,N/A,N/A,facebook_10212340869170851_00066676CAD0_180112182224,12920,76CAD0
2018-01-12T19:01:24.3660+00:00,714565939,1515783684.3656,-11726129,3280185,270,16.875,False,4291,16.725,False,N/A,N/A,N/A,N/A,N/A,N/A,facebook_10212340869170851_00066676CAD0_180112182224,12920,76CAD0
2018-01-12T19:01:30.3880+00:00,714571959,1515783690.3884,-11726135,3280188,270,16.875,False,4297,16.748,False,N/A,N/A,N/A,N/A,N/A,N/A,facebook_10212340869170851_00066676CAD0_180112182224,12920,76CAD0
2018-01-12T19:01:36.4110+00:00,714577979,1515783696.4113,-11726139,3280193,270,16.875,True,4284,16.697,True,N/A,N/A,N/A,N/A,N/A,N/A,facebook_10212340869170851_00066676CAD0_180112182224,12920,76CAD0
2018-01-12T19:01:42.4330+00:00,714583998,1515783702.4331,-11726142,3280192,270,16.875,False,4279,16.678,False,N/A,N/A,N/A,N/A,N/A,N/A,facebook_10212340869170851_00066676CAD0_180112182224,12920,76CAD0
2018-01-12T19:01:48.4570+00:00,714590019,1515783708.4569,-11726143,3280191,270,16.875,False,4283,16.694,False,N/A,N/A,N/A,N/A,N/A,N/A,facebook_10212340869170851_00066676CAD0_180112182224,12920,76CAD0
2018-01-12T19:01:54.4800+00:00,714596039,1515783714.4798,-11726144,3280189,270,16.875,False,4283,16.694,False,N/A,N/A,N/A,N/A,N/A,N/A,facebook_10212340869170851_00066676CAD0_180112182224,12920,76CAD0
2018-01-12T19:02:00.5030+00:00,714602059,1515783720.5026,-11726146,3280188,270,16.875,False,4280,16.682,False,N/A,N/A,N/A,N/A,N/A,N/A,facebook_10212340869170851_00066676CAD0_180112182224,12920,76CAD0
2018-01-12T19:02:06.5250+00:00,714608079,1515783726.5255,-11726148,3280187,270,16.875,False,4271,16.647,False,N/A,N/A,N/A,N/A,N/A,N/A,facebook_10212340869170851_00066676CAD0_180112182224,12920,76CAD0
2018-01-12T19:02:12.5480+00:00,714614099,1515783732.5483,-11726150,3280185,270,16.875,True,4284,16.697,True,N/A,N/A,N/A,N/A,N/A,N/A,facebook_10212340869170851_00066676CAD0_180112182224,12920,76CAD0
2018-01-12T19:02:18.5710+00:00,714620119,1515783738.5711,-11726150,3280185,270,16.875,True,4281,16.686,True,N/A,N/A,N/A,N/A,N/A,N/A,facebook_10212340869170851_00066676CAD0_180112182224,12920,76CAD0
2018-01-12T19:02:24.5940+00:00,714626139,1515783744.5940,-11726150,3280185,270,16.875,True,4287,16.709,True,N/A,N/A,N/A,N/A,N/A,N/A,facebook_10212340869170851_00066676CAD0_180112182224,12920,76CAD0
2018-01-12T19:02:30.6170+00:00,714632159,1515783750.6168,-11726150,3280185,270,16.875,True,4284,16.697,True,N/A,N/A,N/A,N/A,N/A,N/A,facebook_10212340869170851_00066676CAD0_180112182224,12920,76CAD0
2018-01-12T19:02:36.6400+00:00,714638179,1515783756.6397,-11726150,3280185,270,16.875,True,4287,16.709,True,N/A,N/A,N/A,N/A,N/A,N/A,facebook_10212340869170851_00066676CAD0_180112182224,12920,76CAD0
2018-01-12T19:02:42.6620+00:00,714644199,1515783762.6625,-11726150,3280185,270,16.875,False,4279,16.678,False,N/A,N/A,N/A,N/A,N/A,N/A,facebook_10212340869170851_00066676CAD0_180112182224,12920,76CAD0
2018-01-12T19:02:48.6840+00:00,714650218,1515783768.6843,-11726150,3280185,270,16.875,False,4272,16.651,False,N/A,N/A,N/A,N/A,N/A,N/A,facebook_10212340869170851_00066676CAD0_180112182224,12920,76CAD0
2018-01-12T19:02:54.7060+00:00,714656237,1515783774.7062,-11726150,3280185,270,16.875,True,4274,16.658,True,N/A,N/A,N/A,N/A,N/A,N/A,facebook_10212340869170851_00066676CAD0_180112182224,12920,76CAD0
2018-01-12T19:03:00.7300+00:00,714662258,1515783780.7300,-11726150,3280185,269,16.812,False,4289,16.717,False,N/A,N/A,N/A,N/A,N/A,N/A,facebook_10212340869170851_00066676CAD0_180112182224,12920,76CAD0
2018-01-12T19:03:06.7530+00:00,714668278,1515783786.7529,-11726150,3280185,270,16.875,False,4283,16.694,False,N/A,N/A,N/A,N/A,N/A,N/A,facebook_10212340869170851_00066676CAD0_180112182224,12920,76CAD0
2018-01-12T19:03:12.7770+00:00,714674299,1515783792.7767,-11726150,3280185,270,16.875,False,4285,16.701,False,N/A,N/A,N/A,N/A,N/A,N/A,facebook_10212340869170851_00066676CAD0_180112182224,12920,76CAD0
2018-01-12T19:03:18.7990+00:00,714680318,1515783798.7985,-11726150,3280185,269,16.812,False,4279,16.678,False,N/A,N/A,N/A,N/A,N/A,N/A,facebook_10212340869170851_00066676CAD0_180112182224,12920,76CAD0
2018-01-12T19:03:24.8200+00:00,714686337,1515783804.8204,-11726150,3280185,270,16.875,False,4277,16.670,False,N/A,N/A,N/A,N/A,N/A,N/A,facebook_10212340869170851_00066676CAD0_180112182224,12920,76CAD0
2018-01-12T19:03:30.8430+00:00,714692357,1515783810.8432,-11726150,3280185,270,16.875,False,4279,16.678,False,N/A,N/A,N/A,N/A,N/A,N/A,facebook_10212340869170851_00066676CAD0_180112182224,12920,76CAD0
2018-01-12T19:03:36.8670+00:00,714698378,1515783816.8671,-11726150,3280185,270,16.875,False,4281,16.686,False,N/A,N/A,N/A,N/A,N/A,N/A,facebook_10212340869170851_00066676CAD0_180112182224,12920,76CAD0
2018-01-12T19:03:42.8900+00:00,714704398,1515783822.8899,-11726150,3280185,269,16.812,True,4278,16.674,True,N/A,N/A,N/A,N/A,N/A,N/A,facebook_10212340869170851_00066676CAD0_180112182224,12920,76CAD0
2018-01-12T19:03:48.9130+00:00,714710418,1515783828.9127,-11726150,3280185,269,16.812,True,4283,16.694,True,N/A,N/A,N/A,N/A,N/A,N/A,facebook_10212340869170851_00066676CAD0_180112182224,12920,76CAD0
2018-01-12T19:03:54.9370+00:00,714716439,1515783834.9366,-11726150,3280185,269,16.812,False,4274,16.658,False,N/A,N/A,N/A,N/A,N/A,N/A,facebook_10212340869170851_00066676CAD0_180112182224,12920,76CAD0
2018-01-12T19:04:00.9600+00:00,714722460,1515783840.9604,-11726150,3280185,269,16.812,False,4281,16.686,False,N/A,N/A,N/A,N/A,N/A,N/A,facebook_10212340869170851_00066676CAD0_180112182224,12920,76CAD0
2018-01-12T19:04:06.9840+00:00,714728481,1515783846.9842,-11726150,3280185,269,16.812,False,4281,16.686,False,N/A,N/A,N/A,N/A,N/A,N/A,facebook_10212340869170851_00066676CAD0_180112182224,12920,76CAD0
2018-01-12T19:04:13.0070+00:00,714734501,1515783853.0071,-11726150,3280185,270,16.875,False,4277,16.670,False,N/A,N/A,N/A,N/A,N/A,N/A,facebook_10212340869170851_00066676CAD0_180112182224,12920,76CAD0
2018-01-12T19:04:19.0290+00:00,714740520,1515783859.0289,-11726150,3280185,269,16.812,False,4285,16.701,False,N/A,N/A,N/A,N/A,N/A,N/A,facebook_10212340869170851_00066676CAD0_180112182224,12920,76CAD0
2018-01-12T19:04:25.0510+00:00,714746539,1515783865.0508,-11726150,3280185,270,16.875,False,4275,16.662,False,N/A,N/A,N/A,N/A,N/A,N/A,facebook_10212340869170851_00066676CAD0_180112182224,12920,76CAD0
2018-01-12T19:04:31.0740+00:00,714752559,1515783871.0736,-11726150,3280185,270,16.875,False,4281,16.686,False,N/A,N/A,N/A,N/A,N/A,N/A,facebook_10212340869170851_00066676CAD0_180112182224,12920,76CAD0
2018-01-12T19:04:37.0950+00:00,714758578,1515783877.0954,-11726150,3280185,270,16.875,False,4283,16.694,False,N/A,N/A,N/A,N/A,N/A,N/A,facebook_10212340869170851_00066676CAD0_180112182224,12920,76CAD0
2018-01-12T19:04:43.1180+00:00,714764598,1515783883.1183,-11726150,3280185,270,16.875,False,4280,16.682,False,N/A,N/A,N/A,N/A,N/A,N/A,facebook_10212340869170851_00066676CAD0_180112182224,12920,76CAD0
2018-01-12T19:04:49.1410+00:00,714770618,1515783889.1411,-11726150,3280185,270,16.875,False,4277,16.670,False,N/A,N/A,N/A,N/A,N/A,N/A,facebook_10212340869170851_00066676CAD0_180112182224,12920,76CAD0
2018-01-12T19:04:55.1630+00:00,714776637,1515783895.1630,-11726150,3280185,270,16.875,False,4282,16.690,False,N/A,N/A,N/A,N/A,N/A,N/A,facebook_10212340869170851_00066676CAD0_180112182224,12920,76CAD0
2018-01-12T19:05:01.1850+00:00,714782656,1515783901.1848,-11726150,3280185,270,16.875,True,4283,16.694,True,N/A,N/A,N/A,N/A,N/A,N/A,facebook_10212340869170851_00066676CAD0_180112182224,12920,76CAD0
2018-01-12T19:05:07.2080+00:00,714788676,1515783907.2076,-11726150,3280185,270,16.875,True,4280,16.682,True,N/A,N/A,N/A,N/A,N/A,N/A,facebook_10212340869170851_00066676CAD0_180112182224,12920,76CAD0
2018-01-12T19:05:13.2310+00:00,714794697,1515783913.2315,-11726150,3280185,270,16.875,True,4281,16.686,True,N/A,N/A,N/A,N/A,N/A,N/A,facebook_10212340869170851_00066676CAD0_180112182224,12920,76CAD0
2018-01-12T19:05:19.2540+00:00,714800717,1515783919.2543,-11726150,3280185,270,16.875,False,4283,16.694,False,N/A,N/A,N/A,N/A,N/A,N/A,facebook_10212340869170851_00066676CAD0_180112182224,12920,76CAD0
2018-01-12T19:05:25.2760+00:00,714806736,1515783925.2762,-11726150,3280185,270,16.875,False,4279,16.678,False,N/A,N/A,N/A,N/A,N/A,N/A,facebook_10212340869170851_00066676CAD0_180112182224,12920,76CAD0
2018-01-12T19:05:31.2980+00:00,714812755,1515783931.2980,-11726150,3280185,270,16.875,False,4286,16.705,False,N/A,N/A,N/A,N/A,N/A,N/A,facebook_10212340869170851_00066676CAD0_180112182224,12920,76CAD0
2018-01-12T19:05:37.3210+00:00,714818775,1515783937.3208,-11726150,3280185,270,16.875,False,4279,16.678,False,N/A,N/A,N/A,N/A,N/A,N/A,facebook_10212340869170851_00066676CAD0_180112182224,12920,76CAD0
2018-01-12T19:05:43.3430+00:00,714824794,1515783943.3427,-11726150,3280185,270,16.875,False,4287,16.709,False,N/A,N/A,N/A,N/A,N/A,N/A,facebook_10212340869170851_00066676CAD0_180112182224,12920,76CAD0
2018-01-12T19:05:49.3670+00:00,714830815,1515783949.3665,-11726150,3280185,270,16.875,False,4281,16.686,False,N/A,N/A,N/A,N/A,N/A,N/A,facebook_10212340869170851_00066676CAD0_180112182224,12920,76CAD0
2018-01-12T19:05:55.3890+00:00,714836835,1515783955.3893,-11726150,3280185,270,16.875,False,4290,16.721,False,N/A,N/A,N/A,N/A,N/A,N/A,facebook_10212340869170851_00066676CAD0_180112182224,12920,76CAD0
2018-01-12T19:06:01.4110+00:00,714842854,1515783961.4112,-11726150,3280185,270,16.875,False,4290,16.721,False,N/A,N/A,N/A,N/A,N/A,N/A,facebook_10212340869170851_00066676CAD0_180112182224,12920,76CAD0
2018-01-12T19:06:07.4330+00:00,714848873,1515783967.4330,-11726142,3280176,270,16.875,False,4278,16.674,False,N/A,N/A,N/A,N/A,N/A,N/A,facebook_10212340869170851_00066676CAD0_180112182224,12920,76CAD0
2018-01-12T19:06:13.4560+00:00,714854893,1515783973.4559,-11726147,3280172,270,16.875,False,4281,16.686,False,N/A,N/A,N/A,N/A,N/A,N/A,facebook_10212340869170851_00066676CAD0_180112182224,12920,76CAD0
2018-01-12T19:06:19.4790+00:00,714860913,1515783979.4787,-11726152,3280169,270,16.875,False,4285,16.701,False,N/A,N/A,N/A,N/A,N/A,N/A,facebook_10212340869170851_00066676CAD0_180112182224,12920,76CAD0
2018-01-12T19:06:25.5030+00:00,714866934,1515783985.5025,-11726155,3280166,270,16.875,False,4284,16.697,False,N/A,N/A,N/A,N/A,N/A,N/A,facebook_10212340869170851_00066676CAD0_180112182224,12920,76CAD0
2018-01-12T19:06:31.5250+00:00,714872954,1515783991.5254,-11726155,3280166,270,16.875,False,4271,16.647,False,N/A,N/A,N/A,N/A,N/A,N/A,facebook_10212340869170851_00066676CAD0_180112182224,12920,76CAD0
2018-01-12T19:06:37.5500+00:00,714878976,1515783997.5502,-11726155,3280166,270,16.875,False,4282,16.690,False,N/A,N/A,N/A,N/A,N/A,N/A,facebook_10212340869170851_00066676CAD0_180112182224,12920,76CAD0
2018-01-12T19:06:43.5730+00:00,714884996,1515784003.5731,-11726155,3280166,270,16.875,False,4295,16.741,False,N/A,N/A,N/A,N/A,N/A,N/A,facebook_10212340869170851_00066676CAD0_180112182224,12920,76CAD0
2018-01-12T19:06:49.5960+00:00,714891016,1515784009.5959,-11726155,3280166,270,16.875,False,4286,16.705,False,N/A,N/A,N/A,N/A,N/A,N/A,facebook_10212340869170851_00066676CAD0_180112182224,12920,76CAD0
2018-01-12T19:06:55.6190+00:00,714897036,1515784015.6187,-11726155,3280166,270,16.875,False,4280,16.682,False,N/A,N/A,N/A,N/A,N/A,N/A,facebook_10212340869170851_00066676CAD0_180112182224,12920,76CAD0
2018-01-12T19:07:01.6420+00:00,714903056,1515784021.6416,-11726155,3280166,270,16.875,False,4280,16.682,False,N/A,N/A,N/A,N/A,N/A,N/A,facebook_10212340869170851_00066676CAD0_180112182224,12920,76CAD0
2018-01-12T19:07:07.6640+00:00,714909076,1515784027.6644,-11726155,3280166,270,16.875,False,4281,16.686,False,N/A,N/A,N/A,N/A,N/A,N/A,facebook_10212340869170851_00066676CAD0_180112182224,12920,76CAD0
2018-01-12T19:07:13.6880+00:00,714915097,1515784033.6883,-11726155,3280166,270,16.875,False,4279,16.678,False,N/A,N/A,N/A,N/A,N/A,N/A,facebook_10212340869170851_00066676CAD0_180112182224,12920,76CAD0
2018-01-12T19:07:19.7120+00:00,714921118,1515784039.7121,-11726155,3280166,270,16.875,False,4279,16.678,False,N/A,N/A,N/A,N/A,N/A,N/A,facebook_10212340869170851_00066676CAD0_180112182224,12920,76CAD0
2018-01-12T19:07:25.7350+00:00,714927138,1515784045.7349,-11726155,3280166,270,16.875,False,4282,16.690,False,N/A,N/A,N/A,N/A,N/A,N/A,facebook_10212340869170851_00066676CAD0_180112182224,12920,76CAD0
2018-01-12T19:07:31.7580+00:00,714933158,1515784051.7578,-11726155,3280166,270,16.875,False,4277,16.670,False,N/A,N/A,N/A,N/A,N/A,N/A,facebook_10212340869170851_00066676CAD0_180112182224,12920,76CAD0
2018-01-12T19:07:37.7830+00:00,714939180,1515784057.7826,-11726155,3280166,270,16.875,True,4278,16.674,True,N/A,N/A,N/A,N/A,N/A,N/A,facebook_10212340869170851_00066676CAD0_180112182224,12920,76CAD0
2018-01-12T19:07:43.8050+00:00,714945200,1515784063.8055,-11726155,3280166,270,16.875,False,4278,16.674,False,N/A,N/A,N/A,N/A,N/A,N/A,facebook_10212340869170851_00066676CAD0_180112182224,12920,76CAD0
2018-01-12T19:07:49.8280+00:00,714951220,1515784069.8283,-11726155,3280166,270,16.875,False,4281,16.686,False,N/A,N/A,N/A,N/A,N/A,N/A,facebook_10212340869170851_00066676CAD0_180112182224,12920,76CAD0
2018-01-12T19:07:55.8520+00:00,714957241,1515784075.8521,-11726155,3280166,270,16.875,False,4277,16.670,False,N/A,N/A,N/A,N/A,N/A,N/A,facebook_10212340869170851_00066676CAD0_180112182224,12920,76CAD0
2018-01-12T19:08:01.8750+00:00,714963261,1515784081.8750,-11726155,3280166,270,16.875,False,4283,16.694,False,N/A,N/A,N/A,N/A,N/A,N/A,facebook_10212340869170851_00066676CAD0_180112182224,12920,76CAD0
2018-01-12T19:08:07.8990+00:00,714969282,1515784087.8988,-11726155,3280166,270,16.875,False,4291,16.725,False,N/A,N/A,N/A,N/A,N/A,N/A,facebook_10212340869170851_00066676CAD0_180112182224,12920,76CAD0
2018-01-12T19:08:13.9230+00:00,714975303,1515784093.9227,-11726155,3280166,269,16.812,False,4283,16.694,False,N/A,N/A,N/A,N/A,N/A,N/A,facebook_10212340869170851_00066676CAD0_180112182224,12920,76CAD0
2018-01-12T19:08:19.9450+00:00,714981323,1515784099.9455,-11726155,3280166,270,16.875,False,4275,16.662,False,N/A,N/A,N/A,N/A,N/A,N/A,facebook_10212340869170851_00066676CAD0_180112182224,12920,76CAD0
2018-01-12T19:08:25.9680+00:00,714987343,1515784105.9683,-11726155,3280166,270,16.875,False,4274,16.658,False,N/A,N/A,N/A,N/A,N/A,N/A,facebook_10212340869170851_00066676CAD0_180112182224,12920,76CAD0
2018-01-12T19:08:31.9910+00:00,714993363,1515784111.9912,-11726155,3280166,269,16.812,False,4284,16.697,False,N/A,N/A,N/A,N/A,N/A,N/A,facebook_10212340869170851_00066676CAD0_180112182224,12920,76CAD0
2018-01-12T19:08:38.0140+00:00,714999383,1515784118.0140,-11726155,3280166,269,16.812,False,4290,16.721,False,N/A,N/A,N/A,N/A,N/A,N/A,facebook_10212340869170851_00066676CAD0_180112182224,12920,76CAD0
2018-01-12T19:08:44.0370+00:00,715005403,1515784124.0368,-11726155,3280166,269,16.812,False,4295,16.741,False,N/A,N/A,N/A,N/A,N/A,N/A,facebook_10212340869170851_00066676CAD0_180112182224,12920,76CAD0
2018-01-12T19:08:50.0600+00:00,715011423,1515784130.0597,-11726155,3280166,269,16.812,False,4283,16.694,False,N/A,N/A,N/A,N/A,N/A,N/A,facebook_10212340869170851_00066676CAD0_180112182224,12920,76CAD0
2018-01-12T19:08:56.0830+00:00,715017443,1515784136.0825,-11726155,3280166,269,16.812,False,4286,16.705,False,N/A,N/A,N/A,N/A,N/A,N/A,facebook_10212340869170851_00066676CAD0_180112182224,12920,76CAD0
2018-01-12T19:09:02.1050+00:00,715023463,1515784142.1054,-11726155,3280166,270,16.875,False,4293,16.733,False,N/A,N/A,N/A,N/A,N/A,N/A,facebook_10212340869170851_00066676CAD0_180112182224,12920,76CAD0
2018-01-12T19:09:08.1280+00:00,715029483,1515784148.1282,-11726155,3280166,270,16.875,False,4307,16.788,False,N/A,N/A,N/A,N/A,N/A,N/A,facebook_10212340869170851_00066676CAD0_180112182224,12920,76CAD0
2018-01-12T19:09:14.1510+00:00,715035503,1515784154.1510,-11726155,3280166,270,16.875,False,4298,16.752,False,N/A,N/A,N/A,N/A,N/A,N/A,facebook_10212340869170851_00066676CAD0_180112182224,12920,76CAD0
2018-01-12T19:09:20.1750+00:00,715041524,1515784160.1749,-11726108,3280166,270,16.875,True,4300,16.760,False,N/A,N/A,N/A,N/A,N/A,N/A,facebook_10212340869170851_00066676CAD0_180112182224,12920,76CAD0
2018-01-12T19:09:26.1980+00:00,715047544,1515784166.1977,-11726111,3280164,270,16.875,False,4293,16.733,False,N/A,N/A,N/A,N/A,N/A,N/A,facebook_10212340869170851_00066676CAD0_180112182224,12920,76CAD0
2018-01-12T19:09:32.2210+00:00,715053564,1515784172.2206,-11726110,3280162,270,16.875,False,4303,16.772,False,N/A,N/A,N/A,N/A,N/A,N/A,facebook_10212340869170851_00066676CAD0_180112182224,12920,76CAD0
2018-01-12T19:09:38.2430+00:00,715059584,1515784178.2434,-11726105,3280162,275,17.188,False,4354,16.972,False,N/A,N/A,N/A,N/A,N/A,N/A,facebook_10212340869170851_00066676CAD0_180112182224,12920,76CAD0
2018-01-12T19:09:44.2650+00:00,715065603,1515784184.2652,-11726099,3280162,288,18.000,False,4493,17.516,False,N/A,N/A,N/A,N/A,N/A,N/A,facebook_10212340869170851_00066676CAD0_180112182224,12920,76CAD0
2018-01-12T19:09:50.2880+00:00,715071623,1515784190.2881,-11726094,3280165,296,18.500,False,4581,17.860,False,N/A,N/A,N/A,N/A,N/A,N/A,facebook_10212340869170851_00066676CAD0_180112182224,12920,76CAD0
2018-01-12T19:09:56.3110+00:00,715077643,1515784196.3109,-11726092,3280170,298,18.625,False,4579,17.853,False,N/A,N/A,N/A,N/A,N/A,N/A,facebook_10212340869170851_00066676CAD0_180112182224,12920,76CAD0
2018-01-12T19:10:02.3340+00:00,715083663,1515784202.3338,-11726091,3280173,291,18.188,False,4370,17.034,False,N/A,N/A,N/A,N/A,N/A,N/A,facebook_10212340869170851_00066676CAD0_180112182224,12920,76CAD0
2018-01-12T19:10:08.3570+00:00,715089683,1515784208.3566,-11726090,3280175,285,17.812,False,4361,16.999,False,N/A,N/A,N/A,N/A,N/A,N/A,facebook_10212340869170851_00066676CAD0_180112182224,12920,76CAD0
2018-01-12T19:10:14.3790+00:00,715095703,1515784214.3794,-11726088,3280176,283,17.688,False,4309,16.795,False,N/A,N/A,N/A,N/A,N/A,N/A,facebook_10212340869170851_00066676CAD0_180112182224,12920,76CAD0
2018-01-12T19:10:20.4020+00:00,715101723,1515784220.4023,-11726071,3280168,280,17.500,False,4247,16.553,False,N/A,N/A,N/A,N/A,N/A,N/A,facebook_10212340869170851_00066676CAD0_180112182224,12920,76CAD0
2018-01-12T19:10:26.4250+00:00,715107743,1515784226.4251,-11726062,3280173,277,17.312,False,4214,16.423,False,N/A,N/A,N/A,N/A,N/A,N/A,facebook_10212340869170851_00066676CAD0_180112182224,12920,76CAD0
2018-01-12T19:10:32.4480+00:00,715113763,1515784232.4479,-11726058,3280176,275,17.188,False,4166,16.235,False,N/A,N/A,N/A,N/A,N/A,N/A,facebook_10212340869170851_00066676CAD0_180112182224,12920,76CAD0
2018-01-12T19:10:38.4700+00:00,715119782,1515784238.4698,-11726053,3280180,273,17.062,False,4134,16.110,False,N/A,N/A,N/A,N/A,N/A,N/A,facebook_10212340869170851_00066676CAD0_180112182224,12920,76CAD0
2018-01-12T19:10:44.4940+00:00,715125803,1515784244.4936,-11726048,3280184,271,16.938,False,4109,16.012,False,N/A,N/A,N/A,N/A,N/A,N/A,facebook_10212340869170851_00066676CAD0_180112182224,12920,76CAD0
2018-01-12T19:10:50.5160+00:00,715131823,1515784250.5165,-11726042,3280187,270,16.875,False,4076,15.883,False,N/A,N/A,N/A,N/A,N/A,N/A,facebook_10212340869170851_00066676CAD0_180112182224,12920,76CAD0
2018-01-12T19:10:56.5380+00:00,715137842,1515784256.5383,-11726030,3280193,269,16.812,False,4082,15.907,False,N/A,N/A,N/A,N/A,N/A,N/A,facebook_10212340869170851_00066676CAD0_180112182224,12920,76CAD0
2018-01-12T19:11:02.5610+00:00,715143862,1515784262.5611,-11726029,3280196,272,17.000,False,4162,16.220,False,N/A,N/A,N/A,N/A,N/A,N/A,facebook_10212340869170851_00066676CAD0_180112182224,12920,76CAD0
2018-01-12T19:11:08.5850+00:00,715149883,1515784268.5850,-11726030,3280197,282,17.625,False,4324,16.854,False,N/A,N/A,N/A,N/A,N/A,N/A,facebook_10212340869170851_00066676CAD0_180112182224,12920,76CAD0
